Campus,Campus.Specialty,Department,Arrived 2022 YTD,Campus Corrected,Campus.Specialty Corrected,Notes
MS NOW,Internal Medicine,HSO EPISODIC TELEHEALTH,0,,,
MSBI,Behavioral Health,10 NATHAN PERL PL ACT,63,,,
MSBI,Psychiatry,10 NATHAN PERL PL AIMS,2577,,,
MSBI,Psychiatry,10 NATHAN PERL PL AIMS ADMISSIONS,439,,,
MSBI,Behavioral Health,10 NATHAN PERL PL POSA,8386,,,
MSBI,Cardiology,10 UNION SQ NUCLEAR CARDIOLOGY,54,MSUS,,
MSBI,Cardiology,132 GREENPOINT AVE CARDIO REMOTE,1959,,,
MSBI,Cardiology,132 GREENPOINT AVE CARDIOLOGY,3067,,,
MSBI,Cardiology,147 E 26TH ST CARDIOLOGY,0,,,
MSBI,General Surgery,1819 13ST GEN SURG,0,OTHER,,
MSBI,OB/Gyn,20 E 46TH ST OB/GYN,2394,MSW,,
MSBI,Cardiology,270 1/2 9TH ST CARDIOLOGY,1076,,,
MSBI,Infectious Diseases/HIV,275 8TH AVE IAM,1969,,,
MSBI,Psychiatry,281 1ST AVE PSYCH MCT,0,,,
MSBI,Cardiology,281 FIRST AVE CARDIOLOGY,4374,,,
MSBI,ENT-Otolaryngology,3131 KINGS HIGHWAY ENT,15,MSB,,
MSBI,Neurosurgery,3131 KINGS HIGHWAY NEURO ENDOVASC,8,MSB,,
MSBI,Neurology,3131 KINGS HIGHWAY NEUROLOGY,124,MSB,,
MSBI,Surgery,3131 KINGS HIGHWAY SURGERY,28,MSB,,
MSBI,Urology,3131 KINGS HIGHWAY UROLOGY,3,MSB,,
MSBI,Thoracic Surgery,3131 KINGS THOR SURG,31,MSB,,
MSBI,Psychiatry Addiction,317 E 17TH ST WELLNESS PRACTICE,0,,,
MSBI,Psychiatry Addiction,317 E 17TH WELLNESS PRACTICE,28,,,
MSBI,Cardiology,3201 KINGS HWY CARDIOLOGY,974,MSB,,
MSBI,POMA,3201 KINGS HWY PST,0,MSB,,
MSBI,Vascular Surgery,3201 KINGS HWY VASCULAR LAB,691,MSB,,
MSBI,Orthopedics,321 E 34TH ORTHO HAND SURGERY,317,,,DEACTIVATE?
MSBI,Speech Therapy,325 W 15TH ST SPEECH THERAPY,103,,,DEACTIVATE?
MSBI,OB/Gyn,340 E 17TH ST FAMILY PLANNING,442,,,F/U
MSBI,Gastroenterology,380 2ND AVE ENDOSCOPY,1202,,,
MSBI,Cardiology,67 IRVING PLACE CARDIOLOGY,1902,,,
MSBI,Cardiology,MSBI CATH LAB,745,,,
MSBI,Cardiology,MSBI ECHO,1123,,,
MSBI,Psychiatry,MSBI ECT,319,,,
MSBI,Cardiology-Electrophysiology,MSBI EP LAB,106,,,
MSBI,OB/Gyn,MSBI FAMILY PLANNING OR,199,,,
MSBI,Vascular and Interventional Radiology,MSBI INTERVENTIONAL RADIOLOGY,74,,,
MSBI,Vascular and Interventional Radiology,MSBI INTERVENTIONAL RADIOLOGY 2 FL,50,,,
MSBI,Cardiology,MSBI NUCLEAR CARDIOLOGY,225,,,
MSBI,Internal Medicine,NATHAN PEARLMAN DRIVE EVALUATION CENTER,1139,,,
MSDD,Allergy,104 DELANCEY ST ALLERGY,202,,,
MSDD,Dermatology,104 DELANCEY ST DERMATOLOGY,1103,,,
MSDD,ENT-Otolaryngology,104 DELANCEY ST ENT,865,,,
MSDD,Gastroenterology,104 DELANCEY ST GASTROENTEROLOGY,552,,,
MSDD,Gynecology,104 DELANCEY ST GYN,580,,,
MSDD,Neurology,104 DELANCEY ST NEUROLOGY,447,,,
MSDD,Orthopedics,104 DELANCEY ST ORTHOPEDICS,516,,,
MSDD,Podiatry,104 DELANCEY ST PODIATRY,435,,,
MSDD,Internal Medicine,104 DELANCEY ST PRIMARY CARE,4431,,,
MSDD,Allergy,135 N 7TH ST ALLERGY,97,,,
MSDD,Dermatology,135 N 7TH ST DERMATOLOGY,390,,,
MSDD,Family Medicine,135 N 7TH ST FAMILY MEDICINE,3002,,,
MSDD,Gastroenterology,135 N 7TH ST GASTROENTEROLOGY,342,,,
MSDD,Orthopedics,135 N 7TH ST ORTHOPEDICS,740,,,
MSDD,Occupational Health,138 E 26TH ST OCCUPATIONAL HEALTH,128,,,
MSDD,Internal Medicine,141 SOUTH CENTRAL AVE INTERNAL MEDICINE JMP,2374,,,DEACTIVATE?
MSDD,Allergy,200 W 57TH ST ALLERGY,1085,,,
MSDD,Dermatology,200 W 57TH ST DERMATOLOGY,0,,,
MSDD,Endocrinology,200 W 57TH ST ENDOCRINOLOGY,1009,,,
MSDD,Gastroenterology,200 W 57TH ST GASTROENTEROLOGY,1032,,,
MSDD,Internal Medicine,200 W 57TH ST INTERNAL MEDICINE,4335,,,
MSDD,OB/Gyn,200 W 57TH ST OBGYN 16TH FL,1218,,,
MSDD,Ophthalmology,200 W 57TH ST OPHTHALMOLOGY,960,,,
MSDD,Podiatry,200 W 57TH ST PODIATRY,1150,,,
MSDD,Urology,200 W 57TH ST UROLOGY,0,,,
MSDD,Allergy,226 W 14TH ST ALLERGY,553,,,
MSDD,Cardiology,226 W 14TH ST CARDIOLOGY,459,,,
MSDD,Endocrinology,226 W 14TH ST ENDOCRINOLOGY,779,,,
MSDD,Internal Medicine,226 W 14TH ST INTERNAL MEDICINE,4405,,,
MSDD,Pulmonary Disease and Critical Care,226 W 14TH ST PULMONOLOGY,530,,,
MSDD,Occupational Health,226W 14TH ST BUSINESS HEALTH,3429,,,
MSDD,Occupational Health,226W 14TH ST OCCUPATIONAL HEALTH,6,,,
MSDD,Occupational Health,231 E 55TH OCCUPATIONAL HEALTH,59,,,F/U
MSDD,Cardiology,255 GREENWICH ST CARDIOLOGY,0,,,
MSDD,Dermatology,255 GREENWICH ST DERMATOLOGY,856,,,
MSDD,Internal Medicine,255 GREENWICH ST INTERNAL MEDICINE,2474,,,
MSDD,OB/Gyn,255 GREENWICH ST OBGYN,145,,,
MSDD,Orthopedics,255 GREENWICH ST ORTHOPEDICS,202,,,
MSDD,Urology,255 GREENWICH ST UROLOGY,0,,,
MSDD,Occupational Health,281 1ST AVE OCCUPATIONAL HEALTH,127,,,F/U
MSDD,Ophthalmology,309 W 23RD OPTHALMOLOGY,0,,,
MSDD,Cardiology,309 W 23RD ST CARDIOLOGY,0,,,
MSDD,Dermatology,309 W 23RD ST DERMATOLOGY,898,,,
MSDD,Endocrinology,309 W 23RD ST ENDOCRINOLOGY,1270,,,
MSDD,Family Medicine,309 W 23RD ST FAMILY MEDICINE,2355,,,
MSDD,Gastroenterology,309 W 23RD ST GASTROENTEROLOGY,0,,,
MSDD,Gastroenterology,309 W 23RD ST GASTROENTOROLOGY,88,,,
MSDD,Internal Medicine,309 W 23RD ST INTERNAL MED,0,,,
MSDD,Internal Medicine,309 W 23RD ST INTERNAL MEDICINE,4012,,,
MSDD,Neurology,309 W 23RD ST NEUROLOGY,491,,,
MSDD,OB/Gyn,309 W 23RD ST OBGYN,0,,,
MSDD,Ophthalmology,309 W 23RD ST OPTHALMOLOGY,163,,,
MSDD,Orthopedics,309 W 23RD ST ORTHOPEDICS,1981,,,
MSDD,Anesthesiology-Pain Mgmt,309 W 23RD ST PAIN FLUOROSCOPY,86,,,
MSDD,Anesthesiology-Pain Mgmt,309 W 23RD ST PAIN MANAGEMENT,177,,,
MSDD,Podiatry,309 W 23RD ST PODIATRY,1153,,,
MSDD,Physical Medicine and Rehab,309 W 23RD ST REHAB FLUOROSCOPY,724,,,
MSDD,Internal Medicine,315 W 50TH ST INTERNAL MEDICINE,1131,,,
MSDD,Occupational Health,317 E 17TH ST OCCUPATIONAL HEALTH,0,,,F/U
MSDD,Occupational Health,50 E 34TH OCCUPATIONAL HEALTH,0,,,F/U
MSDD,Occupational Health,500 W 185TH ST OCCUPATIONAL HEALTH,0,,,F/U
MSDD,Cardiology,518 E 20TH CARDIOLOGY,155,,,
MSDD,Dermatology,518 E 20TH DERMATOLOGY,88,,,
MSDD,Family Medicine,518 E 20TH FAMILY MED,3828,,,
MSDD,Family Medicine,518 E 20TH FAMILY MEDICINE,0,,,
MSDD,Internal Medicine,518 E 20TH INTERNAL MEDICINE,0,,,
MSDD,Orthopedics,518 E 20TH ORTHOPEDICS,119,,,
MSDD,Podiatry,518 E 20TH PODIATRY,230,,,
MSDD,Family Medicine,52 W 8TH ST FAMILY MEDICINE,4456,,,
MSDD,Internal Medicine,52 W 8TH ST INTERNAL MEDICINE,372,,,
MSDD,OB/Gyn,52 W 8TH ST OBGYN,697,,,
MSDD,Gynecology,55 E 34 ST GYN,736,,,
MSDD,Cardiology,55 E 34TH ST CARDIOLOGY,2405,,,
MSDD,Dermatology,55 E 34TH ST DERMATOLOGY,1114,,,
MSDD,Endocrinology,55 E 34TH ST ENDOCRINOLOGY,286,,,
MSDD,ENT-Otolaryngology,55 E 34TH ST ENT,338,,,
MSDD,Family Medicine,55 E 34TH ST FAMILY MEDICINE,1405,,,
MSDD,Gastroenterology,55 E 34TH ST GASTROENTEROLOGY,629,,,
MSDD,Gynecology,55 E 34TH ST GYN,0,,,
MSDD,Internal Medicine,55 E 34TH ST INTERNAL MEDICINE 1ST FL,3626,,,
MSDD,Internal Medicine,55 E 34TH ST INTERNAL MEDICINE JMP,1885,,,
MSDD,Ophthalmology,55 E 34TH ST OPHTHALMOLOGY,1460,,,
MSDD,Orthopedics,55 E 34TH ST ORTHOPEDICS,1803,,,
MSDD,Anesthesiology-Pain Mgmt,55 E 34TH ST PAIN MANAGEMENT,0,,,
MSDD,Podiatry,55 E 34TH ST PODIATRY,785,,,
MSDD,Internal Medicine,55 E 34TH ST PRIMARY CARE 5TH FL,2825,,,
MSDD,Internal Medicine,55 E 34TH ST PRIMARY CARE 5TH FLOOR,0,,,
MSDD,Physical Medicine and Rehab,55 E 34TH ST REHAB FLUOROSCOPY,0,,,
MSDD,Allergy,632 BROADWAY ALLERGY,18,,,
MSDD,Dermatology,632 BROADWAY DERMATOLOGY,218,,,
MSDD,OB/Gyn,632 BROADWAY GYNECOLOGY,639,,,
MSDD,Orthopedics,632 BROADWAY ORTHO SPORTS MED,359,,,
MSDD,Internal Medicine,632 BROADWAY PRIMARY CARE,3556,,,
MSDD,Dermatology,729 7TH AVE DERMATOLOGY,0,,,
MSDD,OB/Gyn,729 7TH AVE GYN,752,,,
MSDD,Internal Medicine,729 7TH AVE IM,0,,,
MSDD,Internal Medicine,729 7TH AVE INTERNAL MEDICINE,2785,,,
MSDD,Podiatry,729 7TH AVE PODIATRY,597,,,
MSDD,Dermatology,780 8TH AVE DERMATOLOGY,305,,,
MSDD,Gastroenterology,780 8TH AVE GASTROENTEROLOGY,0,,,
MSDD,Internal Medicine,780 8TH AVE INTERNAL MEDICINE,2828,,,
MSDD,OB/Gyn,780 8TH AVE OBGYN,602,,,
MSDD,Orthopedics,780 8TH AVE ORTHOPEDICS,51,,,
MSDD,Internal Medicine,MS BI 55E 34TH IM 1FL,0,,,
MSDD,Ophthalmology,MS BI OPHTH 55 E 34TH,0,,,
MSDD,Physical Medicine and Rehab,NEW 55 E 34TH ST REHAB FLUOROSCOPY,241,,,
MSH- AMBULATORY CARE,Pulmonary Disease and Critical Care,10 E 102 PULMONARY,5590,,,
MSH- AMBULATORY CARE,Gynecology,1176 5TH AVE GYNECOLOGY CLINIC,3091,,,
MSH- AMBULATORY CARE,OB/Gyn,1176 5TH AVE OBGYN SOCIAL WORK,601,,,
MSH- AMBULATORY CARE,OB/Gyn,1176 5TH AVE OBGYN ULTRASOUND,5,,,
MSH- AMBULATORY CARE,Obstetrics,1176 5TH AVE OBSTETRICS CLINIC,4043,,,
MSH- AMBULATORY CARE,Obstetrics,1176 5TH AVE OBSTETRICS HIGH RISK,565,,,
MSH- AMBULATORY CARE,Obstetrics,1176 5TH AVE OBSTETRICS ULTRASOUND NST,184,,,
MSH- AMBULATORY CARE,Geriatrics,1440 MADISON GERI HOME CERTS,70,,,
MSH- AMBULATORY CARE,Gerontology,1440 MADISON GERIATRICS,2,,,
MSH- AMBULATORY CARE,Peds Gastroenterology,1468 HOSP PEDS GI,0,,,
MSH- AMBULATORY CARE,Endocrinology,1468 MADISON ALD CLINIC PEDIATRIC ENDOCRINOLOGY,6,,,
MSH- AMBULATORY CARE,Neurology,1468 MADISON AVE ALD CLINIC NEUROLOGY,6,,,
MSH- AMBULATORY CARE,Dermatology,1468 MADISON AVE DERMATOLOGY,500,,,
MSH- AMBULATORY CARE,Peds Child Development,1468 MADISON AVE HOSP PED CHILD DEVELOP,18,,,
MSH- AMBULATORY CARE,Peds Allergy,1468 MADISON AVE HOSP PEDS ALLERGY,148,,,
MSH- AMBULATORY CARE,Peds Chest,1468 MADISON AVE HOSP PEDS CHEST,0,,,
MSH- AMBULATORY CARE,Peds Gastroenterology,1468 MADISON AVE HOSP PEDS GI,170,,,
MSH- AMBULATORY CARE,Peds GU,1468 MADISON AVE HOSP PEDS GU,101,,,
MSH- AMBULATORY CARE,Peds Neurology,1468 MADISON AVE HOSP PEDS NEURO,345,,,
MSH- AMBULATORY CARE,Neurology,1468 MADISON AVE NEURO STROKE,50,,,
MSH- AMBULATORY CARE,Neurology,1468 MADISON AVE NEUROLOGY,2545,,,
MSH- AMBULATORY CARE,ENT-Otolaryngology,1468 MADISON AVE OMS,495,,,
MSH- AMBULATORY CARE,Pediatrics,1468 MADISON AVE PEDS ENT,89,,,
MSH- AMBULATORY CARE,Pediatrics,1468 MADISON HOSP PEDS GEN,5568,,,
MSH- AMBULATORY CARE,Internal Medicine,1468 MADISON PEDIATRIC VACCINE POD,830,,,
MSH- AMBULATORY CARE,Gastroenterology,17 E 102 GASTRO IBD,5181,,,
MSH- AMBULATORY CARE,Genetics,17 E 102 GENETICS 132,0,,,
MSH- AMBULATORY CARE,Internal Medicine,17 E 102 IMA PACT HSE CALL,0,,,
MSH- AMBULATORY CARE,Physical Medicine and Rehab,17 E 102 MSH REHAB MEDICINE,10,,,
MSH- AMBULATORY CARE,Speech Therapy,17 E 102 MSH SPEECH THERAPY,26,,,
MSH- AMBULATORY CARE,Ophthalmology,17 E 102 OPHTH EYE INFIRMARY,4421,,,
MSH- AMBULATORY CARE,Ophthalmology,17 E 102 OPHTHALMOLOGY,0,,,
MSH- AMBULATORY CARE,Dermatology,17 E 102ND BIOLOGICS TREATMENT CENTER,444,,,
MSH- AMBULATORY CARE,Endocrinology,17 E 102ND HOSP DIAB CLIN,462,,,
MSH- AMBULATORY CARE,Endocrinology,17 E 102ND HOSP ENDO/THYR,478,,,
MSH- AMBULATORY CARE,Ophthalmology,17 E 102ND HOSP OPHTH,643,,,
MSH- AMBULATORY CARE,Infectious Diseases/HIV,17 E 102ND IAM,4253,,,
MSH- AMBULATORY CARE,Infectious Diseases/HIV,17 E 102ND IAM PEDS,191,,,
MSH- AMBULATORY CARE,Internal Medicine,17 E 102ND IMA DIAB EX PRG,0,,,
MSH- AMBULATORY CARE,Internal Medicine,17 E 102ND IMA FIRM A,3376,,,
MSH- AMBULATORY CARE,Internal Medicine,17 E 102ND IMA FIRM B,3833,,,
MSH- AMBULATORY CARE,Internal Medicine,17 E 102ND IMA FIRM C,3111,,,
MSH- AMBULATORY CARE,Internal Medicine,17 E 102ND IMA FIRM D,3441,,,
MSH- AMBULATORY CARE,Internal Medicine,17 E 102ND IMA PACT,740,,,
MSH- AMBULATORY CARE,Internal Medicine,17 E 102ND IMA UNASSIGNED,245,,,
MSH- AMBULATORY CARE,Liver,17 E 102ND LIVER DISEASE,2530,,,
ONCOLOGY,Multiple Specialty,10 E 102ND ST INFUSION WHITE BAG,90,,Oncology,
MSH- AMBULATORY CARE,Physical Medicine and Rehab,17 E 102ND REHAB,267,,,
MSH- AMBULATORY CARE,Dermatology,17 E 102ND ST DERMATOLOGY,1169,,,
MSH- AMBULATORY CARE,Gastroenterology,17 E 102ND ST GASTRO,634,,,
MSH- AMBULATORY CARE,Gerontology,17 E 102ND ST GERIATRICS,3171,,,
MSH- AMBULATORY CARE,Psych Shared,17 E 102ND ST IMA DEPRESSION CLINIC,295,,,
MSH- AMBULATORY CARE,Psych Shared,17 E 102ND ST IMA PSYCH,222,,,
MSH- AMBULATORY CARE,Infectious Diseases/HIV,17 E 102ND ST INFECTIOUS DISEASE,15,,,
MSH- AMBULATORY CARE,Neurology,17 E 102ND ST NEUROLOGY MS,20,,,
MSH- AMBULATORY CARE,Rheumatology,17 E 102ND ST RHEUMATOLOGY,2485,,,
MSH- AMBULATORY CARE,Oncology,17 E 102ND ST SICKLE CELL CLINIC,111,,,
MSH- AMBULATORY CARE,Surgery,17 E 102ND ST WOUND CARE CLINIC,218,,,
MSH- AMBULATORY CARE,Infectious Diseases/HIV,275 7TH AVE CTMS,1781,,,
MSH- AMBULATORY CARE,Infectious Diseases/HIV,275 7TH AVE IAM,5341,,,
MSH- AMBULATORY CARE,Psychiatry,275 7TH AVE PSYCH,11,,,
MSH- AMBULATORY CARE,Physical Therapy,5 E 102 MSH PHYISCAL THERAPY,218,,,
MSH- AMBULATORY CARE,Physical Therapy,5 E 102 MSH PHYSICAL THERAPY,83,,,
MSH- AMBULATORY CARE,Occupational Therapy,5-17 E 102 MSH OCCUPATIONAL THERAPY,129,,,
MSH- AMBULATORY CARE,*No specialty,HOSP ADOL DENTAL,0,,,
MSH- AMBULATORY CARE,Ophthalmology,HOSP ADOL OPTOMETRY,10,,,
MSH- AMBULATORY CARE,Adolescent Medicine,HOSP ADOL PRENATAL,0,,,DEACTIVATE?
MSH- AMBULATORY CARE,Adolescent Medicine,HOSP ADOLESCENT MEDICAL,5342,,,
MSH- AMBULATORY CARE,Child Adolescent Psychiatry,HOSP ADOLESCENT MENTAL HEALTH,2863,,,
MSH- AMBULATORY CARE,Adolescent Medicine,HOSP ADOLESCENT PROJECT IMPACT,0,,,
MSH- AMBULATORY CARE,Dermatology,HOSP DERMATOLOGY,0,,,
MSH- AMBULATORY CARE,ENT-Otolaryngology,HOSP ENT AUDIOLOGY,167,,,
MSH- AMBULATORY CARE,Genetics,HOSP GENETICS,292,,,
MSH- AMBULATORY CARE,Gynecology,HOSP GYNECOLOGY,0,,,
MSH- AMBULATORY CARE,Allergy,HOSP IMMUNOLOGY/ALLERGY,208,,,
MSH- AMBULATORY CARE,Neurology,HOSP NEURO HEAD,56,,,
MSH- AMBULATORY CARE,Neurology,HOSP NEURO MOVE DIS,28,,,
MSH- AMBULATORY CARE,Neurology,HOSP NEURO SEIZURE,76,,,
MSH- AMBULATORY CARE,Neurology,HOSP NEURO STROKE,0,,,
MSH- AMBULATORY CARE,Neurology,HOSP NEUROLOGY,651,,,
MSH- AMBULATORY CARE,Neurosurgery,HOSP NEUROSURGERY,88,,,
MSH- AMBULATORY CARE,Obstetrics,HOSP OB COVID,391,,,
MSH- AMBULATORY CARE,Orthopedics,HOSP ORTHOPEDICS,1354,,,
MSH- AMBULATORY CARE,Orthopedics,HOSP ORTHOPEDICS PEDS,311,,,
MSH- AMBULATORY CARE,Peds Child Development,HOSP PED CHILD DEVELOP,0,,,
MSH- AMBULATORY CARE,Peds Allergy,HOSP PEDS ALLERGY,0,,,
MSH- AMBULATORY CARE,Peds Family and Child Support,HOSP PEDS CFSP,0,,,DEACTIVATE?
MSH- AMBULATORY CARE,Peds Chest,HOSP PEDS CHEST,0,,,
MSH- AMBULATORY CARE,Peds GU,HOSP PEDS GU,0,,,
MSH- AMBULATORY CARE,Peds Neurology,HOSP PEDS NEURO,0,,,
MSH- AMBULATORY CARE,Pediatrics,HOSP PEDS SCH HEALTH,197,,,
MSH- AMBULATORY CARE,Podiatry,HOSP PODIATRY,1068,,,
MSH- AMBULATORY CARE,Podiatry,HOSP PODIATRY ,0,,,DEACTIVATE?
MSH- AMBULATORY CARE,Peds Psychiatry,HOSP PSY CLINIC ON STE,0,,,
MSH- AMBULATORY CARE,Psych Shared,HOSP PSYCH ADULT 1160,5967,,,
MSH- AMBULATORY CARE,Psych Shared,HOSP PSYCH ADULT KCC,0,,,
MSH- AMBULATORY CARE,Psych Shared,HOSP PSYCH CHILD,2542,,,
MSH- AMBULATORY CARE,Psych Shared,HOSP PSYCH GERIATRICS,830,,,
MSH- AMBULATORY CARE,Child Adolescent Psychiatry,HOSP PSYCH IAC,0,,,
MSH- AMBULATORY CARE,Psychiatry Addiction,HOSP PSYCH PHP,890,,,
MSH- AMBULATORY CARE,Psych Shared,HOSP PSYCH TRAINING,29,,,
MSH- AMBULATORY CARE,Psychiatry,HOSP PSYCH TRAINING,29,,,
MSH- AMBULATORY CARE,Nephrology,HOSP RENAL,548,,,
MSH- AMBULATORY CARE,Rheumatology,HOSP RHEUMATOLOGY,0,,,
MSH- AMBULATORY CARE,Adolescent Medicine,HOSP SBH BREC MEDICAL,300,,,
MSH- AMBULATORY CARE,Adolescent Medicine,HOSP SBH JREC MEDICAL,576,,,
MSH- AMBULATORY CARE,Adolescent Medicine,HOSP SBH MCSM MEDICAL,647,,,
MSH- AMBULATORY CARE,Pediatrics,HOSP SBH PS 108,485,,,
MSH- AMBULATORY CARE,Pediatrics,HOSP SBH PS 38,542,,,
MSH- AMBULATORY CARE,Pediatrics,HOSP SBH PS 83/PS 182,395,,,
MSH- AMBULATORY CARE,Pediatrics,HOSP SBH TPEC,582,,,
MSH- AMBULATORY CARE,Surgery,HOSP SURG COLORECTAL,114,,,
MSH- AMBULATORY CARE,Surgery,HOSP SURG GENERAL,167,,,
MSH- AMBULATORY CARE,Surgery,HOSP SURG INCONTINENCE,30,,,
MSH- AMBULATORY CARE,Surgery,HOSP SURG PLASTIC,408,,,
MSH- AMBULATORY CARE,Urology,HOSP SURG UROLOGY,327,,,
MSH- AMBULATORY CARE,Surgery,HOSP SURG VASCULAR,59,,,
MSH- AMBULATORY CARE,Internal Medicine,IMA PAIN MANAGEMENT,259,,,
MSH- AMBULATORY CARE,Psych Shared,IMA PSYCH,0,,,
MSH- AMBULATORY CARE,Neurology,MS NEUROPSYCHOLOGY,134,,,
MSH- AMBULATORY CARE,Internal Medicine,MSHS TELEHEALTH,22,,,F/U
MSH- AMBULATORY CARE,*No specialty,ORAL SURGERY CLINIC,0,,,
MSH- AMBULATORY CARE,Pediatrics,PEDS VISITING DOC HSE CALL,36,,,
MSH- AMBULATORY CARE,Occupational Therapy,REHAB OCCUPATIONAL THE,2337,,,
MSH- AMBULATORY CARE,Physical Therapy,REHAB PHYSICAL THERAPY,4871,,,
MSH- AMBULATORY CARE,Speech Therapy,REHAB SPEECH THERAPY,384,,,
MSH- AMBULATORY CARE,Internal Medicine,VISITING DOCS HOUSE CALL,1475,,,
MSH- AMBULATORY CARE,Internal Medicine,VISITING DOCTORS,145,,,
MSH-MSDFP,Hepatology,1 DIAMOND HILL LIVER TRANSPLANT,1,,,
MSH-MSDFP,Hepatology,1 DIAMOND HILL RMTI LIVER DISEASE,35,,,
MSH-MSDFP,Urology,1 VALLEY HEALTH PLAZA UROLOGY,24,,,
MSH-MSDFP,Internal Medicine,10 E 102 PRIMARY CARE MED,0,,,DEACTIVATE?
MSH-MSDFP,Pulmonary Disease and Critical Care,10 E 102 PULMONARY MED,0,,,DEACTIVATE?
MSH-MSDFP,Hepatology,10 INDUSTRIAL WAY EAST RMTI LIVER DISEASE,80,,,
MSH-MSDFP,OB/Gyn,101 BROADWAY OB/GYN,329,,,
MSH-MSDFP,Community and Preventive Medicine,1020 WARBURTON SELIKOFF,291,,,
MSH-MSDFP,Cardiology,103 RIVER ROAD CARDIOLOGY,126,,,
MSH-MSDFP,Cardiology,1075 PARK AVE CARDIOLOGY,0,,,
MSH-MSDFP,Urgent Care,110 YORK ST URGENT CARE,425,,,NOT IN AMB LIST
MSH-MSDFP,Physical Medicine and Rehab,1155 NORTHERN BLVD REHAB,35,,,
MSH-MSDFP,Psychiatry,1160 5TH AVE PSYCH,372,,,
MSH-MSDFP,Peds Allergy,1184 5TH PEDS ALLERGY,673,,,
MSH-MSDFP,Cardiology,1190 5TH CARD ASSOCS GP1S,7169,,,
MSH-MSDFP,Cardiology,1190 5TH CARD ASSOCS GP1W,1611,,,
MSH-MSDFP,Cardiology,1190 5TH CARD ENDO,277,,,
MSH-MSDFP,Vascular Surgery,1190 5TH CARDIO SURG,870,,,
MSH-MSDFP,Cardiology,1190 5TH CARDIOVASC INST,11859,,,
MSH-MSDFP,Psychiatry,1240 PARK AVE PSYCH,486,,,
MSH-MSDFP,Nephrology,1249 5TH AVE DIALYSIS,614,,,
MSH-MSDFP,Surgery,128 MOTT VASCULAR SURG,414,,,
MSH-MSDFP,Cardiology,1302 AMSTERDAM CARD,148,,,
MSH-MSDFP,Surgery,135-16 ROOSEVELT COLORECT,393,,,
MSH-MSDFP,Surgery,135-16 ROOSEVELT HEPATO,155,,,
MSH-MSDFP,Surgery,135-16 ROOSEVELT SURG VAS,1345,,,
MSH-MSDFP,Neurosurgery,135-16 ROOSVELT AVE NEUROSURGERY,132,,,
MSH-MSDFP,Psychiatry,1399 PARK AVE PSYCH,155,,,
MSH-MSDFP,Psychiatry,1425 MADISON AVE PSYCH,2744,,,
MSH-MSDFP,Psychiatry,1425 MADISON AVE PSYCH CSRPG,1108,,,
MSH-MSDFP,Psychiatry,1425 MADISON AVE PSYCH NP SVC,431,,,
MSH-MSDFP,Research,1425 MADISON AVE PSYCH RESEARCH,6,,,
MSH-MSDFP,Psychiatry,1425 MADISON AVE PSYCH TMS,150,,,
MSH-MSDFP,Psychiatry,1425 MADISON AVE PSYCHIATRY WOMENS HEALTH,82,,,
MSH-MSDFP,Psychiatry,1425 MADISON NEURO PSYCH,53,,,
MSH-MSDFP,Psychiatry,1425 MADISON PSYCH CENTRALIZED,1044,,,
MSH-MSDFP,Psychiatry,1425 TRANS INSTI PSYCH,63,,,
MSH-MSDFP,Psychiatry,1428 MADISON AVE PSYCH,375,,,
MSH-MSDFP,Genetics,1428 MADISON GENETICS,1937,,,
MSH-MSDFP,Liver,1450 MAD RMTIFIBROSCAN,224,,,
MSH-MSDFP,Nephrology,1450 MADISON AVE HEMO DIALYSIS,14,,,
MSH-MSDFP,Sleep Medicine,1450 MADISON AVE SLEEP CENTER,294,,,
MSH-MSDFP,Neurosurgery,1450 MADISON NEURO ENDOVAS,889,,,
MSM,Hematology,440 W 114 SICKLE CELL CLINIC,75,,Hematology,
MSH-MSDFP,Neurosurgery,1468 MADISON  NEUROSURG,440,,,
MSH-MSDFP,Peds Endocrinology,1468 MADISON  PEDS ENDO,0,,,
MSH-MSDFP,Community and Preventive Medicine,1468 MADISON  PEDS PREV MED,8,,,
MSH-MSDFP,Community and Preventive Medicine,1468 MADISON  WTC PREV MED,6499,,,
MSH-MSDFP,Audiology,1468 MADISON AVE AUDIOLOGY,106,MSH- AMBULATORY CARE,,Corrected by Amy Nelson
MSH-MSDFP,Pediatrics,1468 MADISON AVE COHEN’S PEDIATRICS AERO DISGESTIVE CENTER,102,MSH- AMBULATORY CARE,,Corrected by Amy Nelson
MSH-MSDFP,Multiple Specialty,1468 MADISON AVE COVID THERAPEUTIC CTR,111,OTHER,Oncology,Corrected by Amy Nelson
MSH-MSDFP,Dentistry,1468 MADISON AVE DENTAL,1022,,,
MSH-MSDFP,ENT-Otolaryngology,1468 MADISON AVE ENT,709,MSH- AMBULATORY CARE,,Corrected by Amy Nelson
MSH-MSDFP,Nuclear Medicine,1468 MADISON AVE NUCLEAR MEDICINE,60,,,
MSH-MSDFP,Orthopedics,1468 MADISON AVE ORTHOPEDICS JOINT REPLACEMENT CLASS,53,,,
MSH-MSDFP,Pediatrics,1468 MADISON AVE PEDS COMPLEX CARE,328,MSH- AMBULATORY CARE,,Corrected by Amy Nelson
MSH-MSDFP,Peds Child Development,1468 MADISON AVE PEDS DDC PSYCH,53,MSH- AMBULATORY CARE,,Corrected by Amy Nelson
MSH-MSDFP,Peds Endocrinology,1468 MADISON AVE PEDS ENDO,1939,MSH- AMBULATORY CARE,,Corrected by Amy Nelson
MSH-MSDFP,Multiple Specialty,1468 MADISON AVE  PEDS HEALTHY LIFESTYLE CLINIC,47,MSH- AMBULATORY CARE,Pediatrics,Corrected by Amy Nelson
NETWORK,Hematology,5 CUBA HILL LABORATORY,8917,,Hematology,Is this an oncology lab? Should this fall under Oncology?
MSH-MSDFP,Pediatric Cardiology,1468 MADISON PEDS CARDIO,3433,,,
MSH-MSDFP,Pulmonary Disease and Critical Care,1468 MADISON PULMONARY LAB,504,,,
MSH-MSDFP,Thoracic Surgery,1468 MADISON THOR SURG,28,,,
MSH-MSDFP,Psychiatry,1468 MADISON WTC PSYCH,1361,,,
MSH-MSDFP,Psychiatry,1470 MADISON AVE PSYCH,99,,,
MSH-MSDFP,OB/Gyn,157 E 72ND ST OB/GYN,1410,,,
MSH-MSDFP,Liver,168 CENTRE ST LIVER DISEAS,82,,,
MSH-MSDFP,Neurosurgery,168 CENTRE ST NEUROSURGERY,89,,,
ONCOLOGY,Multiple Specialty,1470 MADISON THERAPEUTIC INFUSION,417,,Oncology,
MSH-MSDFP,Orthopedics,168 CENTRE ST ORTHOPEDICS,179,,,
MSH-MSDFP,Rheumatology,168 CENTRE ST RHEUM,89,,,
MSH-MSDFP,Transplant Institute,168 CENTRE ST RMTI LVR DIS,98,,,
MSH-MSDFP,Surgery,168 CENTRE ST SURG COLO,809,,,
MSH-MSDFP,Surgery,168 CENTRE ST SURG HEPAT,103,,,
MSH-MSDFP,Thoracic Surgery,168 CENTRE ST THORACICSURG,46,,,
OTHER,Multiple Specialty,150 E 42ND ST DIABETES,0,,Endocrinology,
MSH-MSDFP,Orthopedics,17 E 102 ORTHOPEDICS,563,,,
MSH-MSDFP,Internal Medicine,17 E 102 STUDENT HEALTH,514,,,
MSH-MSDFP,Cardiology,177 E 87TH ST CARDIAC ARRHYTHMIA,1914,,,
MSH-MSDFP,Cardiology,177 E 87TH ST CARDIOLOGY,4188,,,
MSH-MSDFP,Cardiology,177 E 87TH ST NUCLEAR,663,,,
MSH-MSDFP,Gerontology,1802 2ND AVE GERIATRICS,0,,,DEACTIVATE?
MSH-MSDFP,Psychiatry,19 E 98TH ST PSYCH,1144,,,
MSH-MSDFP,Psychiatry,19 E 98TH ST PSYCH EXTERN SERVICES,63,,,
MSH-MSDFP,Psychiatry,19 E 98TH ST PSYCH POST DOC SERVICES,0,,,
MSH-MSDFP,Anesthesiology-Pain Mgmt,200 W 57TH PAIN/ANESTHESIOLOGY,1944,,,
MSH-MSDFP,Anesthesiology-Pain Mgmt,200 W 57TH PAIN/FLUOROSCOPY,810,,,
MSH-MSDFP,ENT-Otolaryngology,2052 RICHMOND ENT OTOLARYN,2532,,,
MSH-MSDFP,Transplant Institute,2052 RICHMOND RMTI LIVER DISEASE,35,,,
MSH-MSDFP,Community and Preventive Medicine,2052 RICHMOND WTC PREV MED,1013,,,
MSH-MSDFP,Psychiatry,2052 RICHMOND WTC PSYCH,470,,,
MSH-MSDFP,Occupational Health,222 ROUTE 59 OCCUPATIONAL HEALTH,1141,,,
MSH-MSDFP,Cardiology,2249 2ND AVE CARD,0,,,
MSH-MSDFP,Plastic Surgery,230 2ND AVE SURGERY,651,,,NOT IN AMB LIST
MSH-MSDFP,Surgery,234 E 85 SURG BARIATRIC,0,,,
MSH-MSDFP,Cardiology,234 E 85TH CARD ENDO,525,,,
MSH-MSDFP,Cardiology,234 E 85TH CARD REHAB,1612,,,
MSH-MSDFP,Cardiology,234 E 85TH CARDIOLOGY,365,,,
MSH-MSDFP,Pulmonary Disease and Critical Care,234 E 85TH PULMONARY,0,,,
MSH-MSDFP,Cardiology,234 E 85TH ST CARDIOLOGY,1501,,,
MSH-MSDFP,Dermatology,234 E 85TH ST DERM,4130,,,
MSH-MSDFP,Endocrinology,234 E 85TH ST ENDO,402,,,
MSH-MSDFP,ENT-Otolaryngology,234 E 85TH ST ENT,3565,,,
MSH-MSDFP,Internal Medicine,234 E 85TH ST IM,4379,,,
MSH-MSDFP,Internal Medicine,234 E 85TH ST IM 6FL,6890,,,
MSH-MSDFP,Cardiology,234 E 85TH ST NUCLEAR,0,,,
MSH-MSDFP,Ophthalmology,234 E 85TH ST NYEE MSH OPTH,2574,,,
MSH-MSDFP,OB/Gyn,234 E 85TH ST OB/GYN,3284,,,
MSH-MSDFP,Pediatrics,234 E 85TH ST PEDS GEN,1936,,,
MSH-MSDFP,Urology,234 E 85TH ST URO 1FL,121,,,
MSH-MSDFP,Surgery,234 E 85TH SURG VAS,38,,,
MSH-MSDFP,Endocrinology,234 EAST 85TH ST DIABETES ALLIANCE,39,,,
MSH-MSDFP,Internal Medicine,241 E 86TH ST INTERNAL MEDICINE,1551,,,
MSH-MSDFP,ENT-Otolaryngology,244 WESTCHESTER AVE ENT,393,,,
MSH-MSDFP,ENT-Otolaryngology,244 WESTCHESTER ENT,146,,,
MSH-MSDFP,Neurosurgery,25-10 30TH AVE CEREBROVASCULAR STROKE CENTER,0,NETWORK ,,NOT IN AMB LIST/F/U
MSH-MSDFP,General Surgery,25-20 30TH AVE BARIATRIC SURGERY,432,NETWORK ,,NOT IN AMB LIST/F/U
MSH-MSDFP,Pediatric Cardiology,2637 BROADWAY PEDS CARDIO,0,,,DEACTIVATE?
MSH-MSDFP,Orthopedics,2800 MARCUS ORT SPINE,366,,,
MSH-MSDFP,Allergy,300 CADMAN PLAZA ALLERGY,476,,,
MSH-MSDFP,Cardiology,300 CADMAN PLAZA CARDIOLOGY,720,,,
MSH-MSDFP,Dermatology,300 CADMAN PLAZA DERMATOLOGY,0,,,
MSH-MSDFP,Endocrinology,300 CADMAN PLAZA ENDOCRINOLOGY,446,,,
MSH-MSDFP,Family Medicine,300 CADMAN PLAZA FAMILY MEDICINE,1882,,,
MSH-MSDFP,Anesthesiology-Pain Mgmt,300 CADMAN PLAZA FLUOROSCOPY,86,,,
MSH-MSDFP,Internal Medicine,300 CADMAN PLAZA INTERNAL MEDICINE,6914,,,
MSH-MSDFP,Nephrology,300 CADMAN PLAZA NEPHROLOGY,283,,,
MSH-MSDFP,Neurology,300 CADMAN PLAZA NEUROLOGY,230,,,
MSH-MSDFP,Neurosurgery,300 CADMAN PLAZA NEUROSURGERY,13,,,
MSH-MSDFP,OB/Gyn,300 CADMAN PLAZA OB/GYN,1785,,,
MSH-MSDFP,Orthopedics,300 CADMAN PLAZA ORTHOPAEDICS,973,,,
MSH-MSDFP,Anesthesiology-Pain Mgmt,300 CADMAN PLAZA PAIN MANAGEMENT,191,,,
MSH-MSDFP,Pediatrics,300 CADMAN PLAZA PEDIATRICS,3913,,,
MSH-MSDFP,Pulmonary Disease and Critical Care,300 CADMAN PLAZA PULMONARY,0,,,
MSH-MSDFP,Physical Medicine and Rehab,300 CADMAN PLAZA REHAB MED,285,,,
MSH-MSDFP,Rheumatology,300 CADMAN PLAZA RHEUMATOLOGY,104,,,
MSH-MSDFP,Surgery,300 CADMAN PLAZA SURGERY,0,,,
MSH-MSDFP,Thoracic Surgery,300 CADMAN PLAZA THOR SURG,38,,,
MSH-MSDFP,Transplant Nephrology,300 CADMAN PLAZA TRANSPLANT KIDNEY,48,,,
MSH-MSDFP,Transplant Institute,300 CADMAN PLAZA TRANSPLANT LIVER,44,,,
MSH-MSDFP,Transplant Institute,300 CADMAN PLAZA TRANSPLANT LIVER DISEASE,126,,,
MSH-MSDFP,Urgent Care,300 CADMAN PLAZA URGENT CARE,1358,,,
MSH-MSDFP,Urology,300 CADMAN PLAZA UROLOGY,259,,,
MSH-MSDFP,Surgery,300 CADMAN PLAZA VAS SURG,58,,,
MSH-MSDFP,Anesthesiology-Pain Mgmt,300 CADMAN PLAZA WEST PAIN MANAGEMENT,0,,,
MSH-MSDFP,Psychiatry,345 E 102ND WTC PSYCH,4426,,,
MSH-MSDFP,Orthopedics,360 ESSEX ORTHO TRAUMA,0,,,DEACTIVATE?
MSH-MSDFP,Transplant Institute,3916 PRINCE LVR SURG,56,,,
MSH-MSDFP,Urology,445 E 77ST UROLOGY,702,,,
MSH-MSDFP,OB/Gyn,465 OCEAN PARKWAY OB/GYN,510,,,
MSH-MSDFP,OB/Gyn,47 E 88TH ST OB/GYN ASSOC,0,,,DEACTIVATE?
MSH-MSDFP,Dermatology,5 E 98  DERMATOLOGY,8300,,,
MSH-MSDFP,ENT-Otolaryngology,5 E 98  ENT OTOLARYNGOLOGY,5891,,,
MSH-MSDFP,Hematology/Oncology,1468 MADISON  HEMOPHILIA,20,,Hematology,
MSH-MSDFP,Maternal Fetal Medicine,5 E 98  MFM,4110,,,
MSH-MSDFP,Neurology,5 E 98  MOVEMENT DISORDER,932,,,
MSH-MSDFP,Neurology,5 E 98  MULTIPLE SCLEROSIS,1712,,,
MSH-MSDFP,Neurology,5 E 98  NEUROLOGY,4122,,,
MSH-MSDFP,Neurosurgery,5 E 98  NEUROSURG,422,,,
MSH-MSDFP,Neurosurgery,5 E 98  NEUROSURG 7FL,437,,,
MSH-MSDFP,Neurosurgery,5 E 98  NEUROSURG ENDOVAS,0,,,DEACTIVATE?
MSH-MSDFP,OB/Gyn,5 E 98  OB/GYN,6679,,,
MSH-MSDFP,Orthopedics,5 E 98  ORTHO JOINT,1233,,,
MSH-MSDFP,Orthopedics,5 E 98  ORTHO PHYSIATRY,3299,,,
MSH-MSDFP,Orthopedics,5 E 98  ORTHO SPINE,2094,,,
MSH-MSDFP,Orthopedics,5 E 98  ORTHO TRAUMA,566,,,
MSH-MSDFP,Orthopedics,5 E 98  ORTHOPEDICS,5625,,,
MSH-MSDFP,Anesthesiology-Pain Mgmt,5 E 98  PAIN/ANESTHESIOLOGY,1484,,,
MSH-MSDFP,Peds Allergy,5 E 98  PEDS ALLERGY,1524,,,
MSH-MSDFP,Peds Child Development,5 E 98  PEDS CHILD DEVELOP,340,,,
MSH-MSDFP,Peds Endocrinology,5 E 98  PEDS ENDO ASD,237,,,
MSH-MSDFP,Pediatrics,5 E 98  PEDS GENERAL,2602,,,
MSH-MSDFP,Peds Gastroenterology,5 E 98  PEDS GI,449,,,
MSH-MSDFP,Peds Infectious Disease,5 E 98  PEDS ID,34,,,
MSH-MSDFP,Peds Nephrology,5 E 98  PEDS NEPHROLOGY,657,,,
MSH-MSDFP,Peds Neurology,5 E 98  PEDS NEUROLOGY,127,,,
MSH-MSDFP,Peds Pulmonology,5 E 98  PEDS PULMONARY,630,,,
MSH-MSDFP,Neuropsychology,5 E 98  REHAB NEUROPSYCH,547,,,
MSH-MSDFP,Transplant Institute,5 E 98  RMTI INTESTINAL,59,,,
MSH-MSDFP,Transplant Institute,5 E 98  RMTI LIVER DISEASE,1501,,,
MSH-MSDFP,Transplant Institute,5 E 98  RMTI LIVER SURGERY,875,,,
MSH-MSDFP,Transplant Institute,5 E 98  RMTI PEDS LIVER,315,,,
MSH-MSDFP,Surgery,5 E 98  SURG BARIATRIC,1350,,,
MSH-MSDFP,Surgery,5 E 98  SURG COLORECTAL,2518,,,
MSH-MSDFP,Surgery,5 E 98  SURG ENDO PHYS,295,,,
MSH-MSDFP,Surgery,5 E 98  SURG HEPATOBILIARY,76,,,
MSH-MSDFP,Surgery,5 E 98  SURG PEDIATRIC,271,,,
MSH-MSDFP,Surgery,5 E 98  SURG PLASTIC,2274,,,
MSH-MSDFP,Surgery,5 E 98  SURG VASCULAR,1568,,,
MSH-MSDFP,Transplant Institute,5 E 98  TRAN INST SM BOWEL,65,,,
MSH-MSDFP,Transplant Institute,5 E 98  TRANS INSTI KIDNEY,3661,,,
MSH-MSDFP,Transplant Institute,5 E 98  TRANS INSTI LIVER,2855,,,
MSH-MSDFP,Transplant Institute,5 E 98  TRANS INSTI PEDS,89,,,
MSH-MSDFP,Transplant Institute,5 E 98  TRANS LIVING DONOR,777,,,
MSH-MSDFP,Urology,5 E 98  UROLOGY,6199,,,
MSH-MSDFP,Anesthesiology-Pain Mgmt,5 E 98 4TH FL PAIN/FLUOROSCOPY,267,,,
MSH-MSDFP,Anesthesiology-Pain Mgmt,5 E 98 6TH FL PAIN/FLUOROSCOPY,615,,,
MSH-MSDFP,Immunology,5 E 98 CLINICAL IMMUNOLOGY,2361,,,
MSH-MSDFP,Endocrinology,5 E 98 ENDOCRINOLOGY,4255,,,
MSH-MSDFP,Gastroenterology,5 E 98 GASTROENTEROLOGY,1418,,,
MSH-MSDFP,Infectious Diseases/HIV,5 E 98 INFECTIOUS DISEASE,922,,,
MSH-MSDFP,Vascular and Interventional Radiology,5 E 98 INTERVENTIONAL RADIOLOGY,701,,,
MSH-MSDFP,Neurology,5 E 98 MULTIPLE SCLEROSIS WELLNESS,157,,,
MSH-MSDFP,Neurology,5 E 98 NEURO PALLIATIVE CARE,33,,,
MSH-MSDFP,Neurosurgery,5 E 98 NEUROSURGERY REHAB,9,,,
MSH-MSDFP,Pediatrics,5 E 98 PEDS RHEUM,179,,,
MSH-MSDFP,Physical Medicine and Rehab,5 E 98 REHAB FLUOROSCOPY,1263,,,
MSH-MSDFP,Physical Medicine and Rehab,5 E 98 REHAB MEDICINE,821,,,
MSH-MSDFP,Nephrology,5 E 98 RENAL/NEPHROLOGY,1422,,,
MSH-MSDFP,Rheumatology,5 E 98 RHEUMATOLOGY,0,,,DEACTIVATE?
MSH-MSDFP,Pulmonary Disease and Critical Care,5 E 98 SLEEP,808,,,
MSH-MSDFP,Genetics,5 E 98 ST GENOMIC MEDICINE,16,,,
MSH-MSDFP,Neurosurgery,5 E 98 ST NEUROSURGERY PEDS,88,,,
MSH-MSDFP,Physical Medicine and Rehab,5 E 98 ST REHAB ATC,266,,,
MSH-MSDFP,Surgery,5 E 98 SURG GENERAL,1770,,,
MSH-MSDFP,Psychiatry,5 E 98 TRANS INSTI PSYCH,78,,,
MSH-MSDFP,OB/Gyn,5 E 98TH ST SOCIAL WORK,16,,,
MSH-MSDFP,Psychiatry,50 E 98TH ST PSYCH STM,1615,,,
MSH-MSDFP,Orthopedics,500 GRAND ORTHO JOINT,38,,,
MSH-MSDFP,Orthopedics,500 GRAND ORTHO SPINE,59,,,
MSH-MSDFP,Surgery,5030 BRDWY SURG VASC,337,,,
MSH-MSDFP,Cardiology,5030 BROADWAY CARD,10,,,
MSH-MSDFP,Urgent Care,5030 BROADWAY URGENT CARE,23,,,
MSH-MSDFP,Cardiology,53 E 124 CARDIOLOGY,55,,,
MSH-MSDFP,Psychiatry,53-55 E 96TH PSYCH EWDO,2158,,,
MSH-MSDFP,Psychiatry,53-55 E 96TH ST PSYCH,11,,,
MSH-MSDFP,Psychiatry,57-59 EAST 96TH STREET PSYCH,51,,,
MSH-MSDFP,Psychiatry,57-59 EAST 96TH STREET PSYCH FPA CENTRALIZED,354,,,
MSH-MSDFP,Liver,579 FRANKLIN LIVER DIS,0,,,DEACTIVATE?
MSH-MSDFP,Hepatology,579 FRANKLIN RMTI LIVER DISEASE,144,,,
MSH-MSDFP,Liver,579 FRANKLIN TRANS LIV,1,,,DEACTIVATE?
MSH-MSDFP,Urology,625 MADISON AVE UROLOGY,5031,,,
MSH-MSDFP,Dermatology,638 COLUMBUS AVE DERM,102,,,
MSH-MSDFP,Surgery,638 COLUMBUS AVE SURG VASC,392,,,
MSH-MSDFP,Urgent Care,638 COLUMBUS AVE URGENT CARE,2404,,,
MSH-MSDFP,Cardiology,672 UTICA AVE CARDIOLOGY,23,,,
MSH-MSDFP,Cardiology,731 CONEY ISLAND CARD,286,,,
MSH-MSDFP,Internal Medicine,FPA BH PRIMARY CARE,0,,,DEACTIVATE?
MSH-MSDFP,Thoracic Surgery,FPA CARDIOTHORACIC SURGERY,0,,,DEACTIVATE?
MSH-MSDFP,Vascular and Interventional Radiology,FPA INTERVENTIONAL RAD,0,,,DEACTIVATE?
MSH-MSDFP,Surgery,FPA SURG AMB SUITES,0,,,DEACTIVATE?
MSH-MSDFP,*No specialty,FPA-DEPARTMENT,0,,,DEACTIVATE?
MSH-MSDFP,Internal Medicine,MSH CONDITION MANAGEMENT,242,,,F/U
MSH-MSDFP,Cardiology,RS ALAN HECHT,0,,,DEACTIVATE?
MSH-MSDFP,Cardiology,RS MS CARDIAC ARR CONS,0,,,DEACTIVATE?
MSHP,Behavioral Health,11 MAD AVE BH CS,0,,,
MSHP,Behavioral Health,11 MADISON AVE BH,0,,,
MSHP,Internal Medicine,11 MADISON AVE INTERNAL MED,0,,,
MSHP,Physical Therapy,11 MADISON AVENUE PT,0,,,
MSHP,Internal Medicine,400 JEFFERSON PARK INTERNAL MEDICINE,0,,,
MSHP,Behavioral Health,55 HUDSON YARDS BEHAVIORAL HEALTH,0,,,
MSHP,Cardiology,55 HUDSON YARDS CARDIOLOGY,0,,,
MSHP,Internal Medicine,55 HUDSON YARDS COVID TESTING CENTER,0,,,
MSHP,Dermatology,55 HUDSON YARDS DERM,0,,,
MSHP,Gynecology,55 HUDSON YARDS GYNECOLOGY,0,,,
MSHP,Internal Medicine,55 HUDSON YARDS INTERNAL MEDICINE,0,,,
MSHP,Physical Therapy,55 HUDSON YARDS PT,0,,,
MSHP,Pulmonary Disease and Critical Care,55 HUDSON YARDS PULMONARY,0,,,
MSHP,Internal Medicine,745 SEVENTH AVE INTERNAL MEDICINE,0,,,
MSM,Behavioral Health,1090 AMST AVE 15TH FL CBCS,1916,,,
MSM,Psychiatry,1090 AMST AVE 17TH FL CHILD CLINIC,1359,,,
MSM,Gastroenterology,1090 AMST AVE GASTROENTEROLOGY,0,,,DEACTIVATE?
MSM,Nephrology,1090 AMST AVE NEPHROLOGY,0,,,DEACTIVATE?
MSM,Neurology,1090 AMST AVE NEUROLOGY,418,,,
MSM,Neurosurgery,1090 AMST AVE NEUROSURGERY,149,,,
MSM,OB/Gyn,1090 AMST AVE OBGYN,0,,,DEACTIVATE?
MSM,Psychiatry,1090 AMST AVE PSYCHIATRY,1724,,,
MSM,Pulmonary Disease and Critical Care,1090 AMST AVE PULMONOLOGY,0,,,DEACTIVATE?
MSM,Physical Medicine and Rehab,1090 AMST AVE REHAB MEDICINE,75,,,
MSM,Urology,1090 AMST AVE UROLOGY,2015,,,
MSM,Vascular Surgery,1090 AMST SURG VASCULAR,0,,,DEACTIVATE?
MSM,Endocrinology,1111 AMST AVE ENDOCRINOLOGY,0,,,DEACTIVATE?
MSM,Gerontology,1111 AMST AVE GERIATRICS,1246,,,
MSM,Behavioral Health,1111 AMST AVE MOBILE CRISIS,94,,,
MSM,Cardiology,1111 AMST ECHO,3001,,,
MSM,Pulmonary Disease and Critical Care,1111 AMST PFT LAB,298,,,
MSM,Internal Medicine,234 CENTRAL PARK WEST INTERNAL MEDICINE,2021,,,
MSM,Cardiology,2360 AMSTERDAM AVE CARDIOLOGY,467,,,
MSM,Surgery,2360 AMSTRDAM SURG VAS,15,,,
MSM,Surgery,2360 AMSTRDM SURG BARI,34,,,
MSM,Gastroenterology,2771 FREDERICK DOUGLAS GASTROENTEROLOGY,0,,,DEACTIVATE?
MSM,Internal Medicine,2771 FREDERICK DOUGLAS INTERNAL MEDICINE,2596,,,
MSM,Urology,286 FT WASHINGTON UROLOGY,760,,,
MSM,Vascular Surgery,355 BARD AVE CARDIO SURG,5,,,NETWORK?
MSM,Sleep Medicine,374 W 125 ST PULMONARY/SLEEP,0,,,DEACTIVATE?
MSM,Behavioral Health,411 WEST 114TH SREET 1ST ADULT CLINIC CAC,0,,,DEACTIVATE?
MSM,Behavioral Health,411 WEST 114TH ST 2ND FL CARES / AADP,2231,,,
MSM,Behavioral Health,411 WEST 114TH ST 2ND FL CARES / CAPA MH,510,,,
MSM,Behavioral Health,411 WEST 114TH ST 2ND FL CARES / CAPA SA,1050,,,
MSM,Behavioral Health,411 WEST 114TH STREET 3RD-ADULT CLINIC OPC,8200,,,
MSM,Behavioral Health,411 WEST 114TH STREET CHILD CLINIC,2630,,,
MSM,Rheumatology,440 W 114 ARTHRITIS CLINIC,223,,,
MSM,Orthopedics,440 W 114 BACK AND NECK CLINIC,0,,,DEACTIVATE?
MSM,Thoracic Surgery,440 W 114 CARD SURG,479,,,
MSM,Cardiology,440 W 114 CARDIO,4813,,,
MSM,Cardiology,440 W 114 CARDIO DIAGNOSTICS,0,,,DEACTIVATE?
MSM,Cardiology,440 W 114 CARDIO HOLTER,192,,,
MSM,Cardiology,440 W 114 CARDIO REMOTE DEVICE,3216,,,
MSM,Dermatology,440 W 114 DERMATOLOGY CLINIC,447,,,
MSM,Cardiology,440 W 114 ECHO DIAGNOSTIC,0,,,DEACTIVATE?
MSM,Endocrinology,440 W 114 ENDOCRINE CLINIC,467,,,
MSM,Gerontology,440 W 114 GERIATRIC CLINIC,0,,,DEACTIVATE?
MSM,Gastroenterology,440 W 114 GI CLINIC,188,,,
MSM,Orthopedics,440 W 114 HAND CLINIC,0,,,DEACTIVATE?
MSM,Orthopedics,440 W 114 HAND CLINIC,303,,,
MSM,Infectious Diseases/HIV,440 W 114 IAM,3485,,,
MSM,Infectious Diseases/HIV,440 W 114 INFECTIOUS DISEASE CLINIC,283,,,
MSM,Orthopedics,440 W 114 JOINTS CLINIC,74,,,
MSM,Internal Medicine,440 W 114 LAB CLINIC,93,,,
MSM,Liver,440 W 114 LIVER CLINIC,160,,,
MSM,Nephrology,440 W 114 NEPHROLOGY/RENAL CLINIC,101,,,
MSM,Neurology,440 W 114 NEUROLOGY CLINIC,336,,,
MSM,Neurosurgery,440 W 114 NEUROSURGERY CLINIC,87,,,
MSM,Endocrinology,440 W 114 NUTRITION CLINIC,0,,,DEACTIVATE?
MSM,Research,440 W 114 NYLAG CLINIC,0,,,DEACTIVATE?
MSM,Ophthalmology,440 W 114 OPHTHALMOLOGY CLINIC,1416,,,
MSM,Orthopedics,440 W 114 ORTHO CLINIC,749,,,
MSM,Anesthesiology-Pain Mgmt,440 W 114 PAIN MNGMT CLINIC,158,,,
MSM,Podiatry,440 W 114 PODIATRY CLINIC,583,,,
MSM,Pulmonary Disease and Critical Care,440 W 114 PULMONARY CLINIC,678,,,
MSH-MSDFP,Hematology/Oncology,5 E 98  HEMOPHILIA,54,,Hematology,
MSM,Pulmonary Disease and Critical Care,440 W 114 SMOKING CESSATION CLINIC,23,,,
MSM,Orthopedics,440 W 114 SPINE CLINIC,37,,,
MSM,Surgery,440 W 114 ST ACC6 SURGICAL ONCOLOGY,271,,,
MSM,Surgery,440 W 114 SURG BARIATRIC,2379,,,
MSM,Surgery,440 W 114 SURG COLORECTAL,155,,,
MSM,General Surgery,440 W 114 SURG GENERAL,309,,,
MSM,Plastic Surgery,440 W 114 SURG PLASTIC,83,,,
MSM,Surgery,440 W 114 SURG PLASTIC CLINIC,64,,,
MSM,Vascular Surgery,440 W 114 SURG VASC,806,,,
MSM,Vascular Surgery,440 W 114 SURG VASC CVI,1088,,,
MSM,General Surgery,440 W 114 SURGERY CLINIC,35,,,
MSM,Thoracic Surgery,440 W 114 THORACIC SURG,32,,,
MSM,Urology,440 W 114 UROLOGY CLINIC,721,,,
MSM,Vascular Surgery,440 W 114 VASC SURG DIAG,0,,,DEACTIVATE?
MSM,Infectious Diseases/HIV,440 W 114TH IAM,0,,,DEACTIVATE?
MSM,Dentistry,440 W 114TH IAM DENTAL,295,,,
MSM,Allergy,440 W 114TH ST ACC6 ALLERGY,46,,,
MSM,Endocrinology,440 W 114TH ST ACC6 ENDOCRINOLOGY,1891,,,
MSM,Gastroenterology,440 W 114TH ST ACC6 GASTROENTEROLOGY,756,,,
MSM,Infectious Diseases/HIV,440 W 114TH ST ACC6 INFECTIOUS DISEASE,81,,,
MSM,Nephrology,440 W 114TH ST ACC6 NEPHROLOGY,451,,,
MSM,Pulmonary Disease and Critical Care,440 W 114TH ST ACC6 PULMONARY,1088,,,
MSM,Rheumatology,440 W 114TH ST ACC6 RHEUMATOLOGY,463,,,
MSM,Cardiology,521 W 181ST CARDIOLOGY,1219,,,
MSM,Internal Medicine,638 COLUMBUS AVE INTERNAL MEDICINE,3128,,,
MSM,Internal Medicine,638 COLUMBUS AVE PRIMARY CARE,0,,,DEACTIVATE?
MSM,Surgery,718 TEANECK ROAD SURG COLORECTAL,81,,,F/U / NOT IN AMB LIST
MSM,Cardiology,CLARK CARDIAC CATH LAB,695,,,NOT IN AMB LIST
MSM,Cardiology-Electrophysiology,CLARK EP LAB,569,,,NOT IN AMB LIST
MSM,Vascular and Interventional Radiology,CLARK INTERVENTIONAL RADIOLOGY,77,,,NOT IN AMB LIST
MSM,Behavioral Health,MS SLR BH OPC 411W 114,0,,,DEACTIVATE?
MSM,General Surgery,MS SLR PRI SURG 1111 AMSTERDAM AVE SEC D,0,,,DEACTIVATE?
MSM,Surgery,MS SLR PRI SURG 1111 AMSTERDAM AVE SEC D,0,,,DEACTIVATE?
MSM,Neurology,MSM NEUROLOGY DIAGNOSTICS,35,,,
MSQ,*No specialty,25-20 30TH AVE INFUSION,0,,,DEACTIVATE?
MSQ,*No specialty,25-20 30TH AVE LAB,0,,,DEACTIVATE?
MSQ,*No specialty,25-20 30TH AVE PFT,0,,,DEACTIVATE?
MSQ,Social Services,31-60 21 ST COLLABORATIVE CARE CLINIC,0,,,DEACTIVATE?
MSQ,Vascular Surgery,36-36 33RD ST VASCULAR,0,,,DEACTIVATE?
MSQ,*No specialty,MSQ AMB SURG PRE TEST,0,,,DEACTIVATE?
MSQ,Cardiology,MSQ CARDIAC CATH LAB,0,,,DEACTIVATE?
MSQ,*No specialty,MSQ CEREBRAL VASCULAR AMB,0,,,DEACTIVATE?
MSQ,*No specialty,MSQ EEG,0,,,DEACTIVATE?
MSUS,Allergy,10 UNION SQ ALLERGY,400,,,
MSUS,Internal Medicine,10 UNION SQ E  PRIMARY CARE,0,,,DEACTIVATE?
MSUS,Speech Therapy,10 UNION SQ E  SPEECH THERAPY,635,,,
MSUS,Internal Medicine,10 UNION SQ E 3N LAB,14,,,
MSUS,Allergy,10 UNION SQ E ALLERGY,0,,,DEACTIVATE?
MSUS,Cardiology,10 UNION SQ E CARDIO,8477,,,
MSUS,Internal Medicine,10 UNION SQ E COVID 19 COE,697,,,
MSUS,Internal Medicine,10 UNION SQ E COVID-19 CENTER OF EXCELLENCE,0,,,DEACTIVATE?
MSUS,Pulmonary Disease and Critical Care,10 UNION SQ E CYSTIC FIBROSIS,290,,,
MSUS,Dermatology,10 UNION SQ E DERM CLINIC,1888,,,
MSUS,Dermatology,10 UNION SQ E DERMATOLOGY,3940,,,
MSUS,Endocrinology,10 UNION SQ E ENDOCRINOLOGY,3003,,,
MSUS,ENT-Otolaryngology,10 UNION SQ E ENT,545,,,
MSUS,ENT-Otolaryngology,10 UNION SQ E ENT OMS,4759,,,
MSUS,Cytopathology,10 UNION SQ E FINE NEEDLE ASPIRATION,173,,,
MSUS,Geriatrics,10 UNION SQ E GERI HOME CERTS,20,,,
MSUS,Geriatrics,10 UNION SQ E GERIATRICS,1715,,,
MSUS,Infectious Diseases/HIV,10 UNION SQ E INFECTIOUS DISEASE,1204,,,
MSUS,Maternal Fetal Medicine,10 UNION SQ E MFM,984,,,
MSUS,Maternal Fetal Medicine,10 UNION SQ E MFM CLINIC,389,,,
MSUS,Neurosurgery,10 UNION SQ E NEUROSURGERY 5P,106,,,
MSUS,OB/Gyn,10 UNION SQ E OB/GYN,3533,,,
MSUS,OB/Gyn,10 UNION SQ E OB/GYN CLINIC,1086,,,
MSUS,OB/Gyn,10 UNION SQ E OBGYN CLINIC,0,,,DEACTIVATE?
MSUS,Occupational Therapy,10 UNION SQ E OCCUPATION PHYS,838,,,
MSUS,Ophthalmology,10 UNION SQ E OPHTHALMOLOGY,558,,,
MSUS,Orthopedics,10 UNION SQ E ORTHO GENERAL,247,,,
MSUS,Orthopedics,10 UNION SQ E ORTHO HAND SURGERY,556,,,
MSUS,Orthopedics,10 UNION SQ E ORTHO JOINT,660,,,
MSUS,Orthopedics,10 UNION SQ E ORTHO SPINE,794,,,
MSUS,Orthopedics,10 UNION SQ E ORTHO SPORTS MED,3747,,,
MSUS,Peds Allergy,10 UNION SQ E PEDS ALLERGY,90,,,
MSUS,Pediatric Cardiology,10 UNION SQ E PEDS CARDIO,318,,,
MSUS,Peds Endocrinology,10 UNION SQ E PEDS ENDO,200,,,
MSUS,Pediatrics,10 UNION SQ E PEDS GEN,2037,,,
MSUS,Peds Gastroenterology,10 UNION SQ E PEDS GI,119,,,
MSUS,Peds Nephrology,10 UNION SQ E PEDS NEPHROLOGY,12,,,
MSUS,Physical Therapy,10 UNION SQ E PEDS PHYSICAL THERAPY,34,,,
MSUS,Peds Pulmonology,10 UNION SQ E PEDS PULM,222,,,
MSUS,Physiatry,10 UNION SQ E PEDS REHAB MEDICINE,33,,,
MSUS,Pulmonary Disease and Critical Care,10 UNION SQ E PFT,0,,,DEACTIVATE?
MSUS,Physiatry,10 UNION SQ E PHYSIATRY,2650,,,
MSUS,Physical Therapy,10 UNION SQ E PHYSICAL THERAPY,6393,,,
MSUS,Podiatry,10 UNION SQ E PODIATRY,504,,,
MSUS,Podiatry,10 UNION SQ E PODIATRY CLINIC,388,,,
MSUS,Internal Medicine,10 UNION SQ E PRIMARY CARE,3837,,,
MSUS,POMA,10 UNION SQ E PST,1182,,,
MSUS,Pre-Surgical Testing,10 UNION SQ E PST,1182,,,
MSUS,Pulmonary Disease and Critical Care,10 UNION SQ E RESP,3825,,,
MSUS,Rheumatology,10 UNION SQ E RHEUMATOLOGY,0,,,DEACTIVATE?
MSUS,Internal Medicine,10 UNION SQ E SOCIAL WORK,63,,,
MSUS,Speech Therapy,10 UNION SQ E SPEECH THERAPY,0,,,DEACTIVATE?
MSUS,Surgery,10 UNION SQ E SURG COL,769,,,
MSUS,Surgery,10 UNION SQ E SURG COLORECTAL,0,,,DEACTIVATE?
MSUS,General Surgery,10 UNION SQ E SURG GEN,1699,,,
MSUS,General Surgery,10 UNION SQ E SURG GENERAL,0,,,DEACTIVATE?
MSUS,Surgical Oncology,10 UNION SQ E SURG ONC,124,,,
MSUS,Surgical Oncology,10 UNION SQ E SURG ONCOLOGY,0,,,DEACTIVATE?
MSUS,Surgery,10 UNION SQ E SURG PLASTIC,432,,,
MSUS,Vascular Surgery,10 UNION SQ E SURG VASC,1297,,,
MSUS,Vascular Surgery,10 UNION SQ E SURG VASCULAR,0,,,DEACTIVATE?
MSUS,Vascular Surgery,10 UNION SQ E SURG VASCULAR LAB,883,,,
MSUS,Internal Medicine,10 UNION SQ E TESTING CENTER,1991,,,
MSUS,Urgent Care,10 UNION SQ E URGENT CARE,4762,,,
MSUS,Urology,10 UNION SQ E UROLOGY,5700,,,
MSUS,Urology,10 UNION SQ E UROLOGY RAD,68,,,
MSUS,Cardiology,10 UNION SQ E VEIN CLINIC,27,,,
MSUS,Cardiology,10 UNION SQ ECHO,2163,,,
MSUS,Endocrinology,10 UNION SQ ENDO THYROID INS,1191,,,
MSUS,Endocrinology,10 UNION SQ ENDO WEIGHT MGT,341,,,
MSUS,Gastroenterology,10 UNION SQ GASTROENTEROLOGY,3687,,,
MSUS,Infectious Diseases/HIV,10 UNION SQ INFECTIOUS DISEASE,0,,,DEACTIVATE?
MSUS,Neurology,10 UNION SQ MOVEMENT DISORDER,1165,,,
MSUS,Nephrology,10 UNION SQ NEPHROLOGY,1415,,,
MSUS,Neurology,10 UNION SQ NEUROLOGY,2266,,,
MSUS,Neurology,10 UNION SQ NEUROPSYCH,312,,,
MSUS,Neurosurgery,10 UNION SQ NEUROSURGERY,211,,,
MSUS,Neurosurgery,10 UNION SQ NEUROSURGERY 5P,0,,,DEACTIVATE?
MSUS,Neurology,10 UNION SQ PEDIATRIC NEUROLOGY,555,,,
MSUS,Pulmonary Disease and Critical Care,10 UNION SQ PFT,92,,,
MSUS,Physiatry,10 UNION SQ PHYSIATRY,0,,,DEACTIVATE?
MSUS,Rheumatology,10 UNION SQ RHEUMATOLOGY,2033,,,
MSUS,Sign Language Services,10 UNION SQ SIGN LANGUAGE,240,,,
MSUS,Cardiology,10 UNION SQ VASC PROC,987,,,
MSUS,Internal Medicine,281 1ST AVE GENERAL MED,3485,,,CROSSCHECK WITH RIGO'S MAPPING
MSUS,Internal Medicine-CPR,317 E 17TH ST TESTING CENTER,0,,,DEACTIVATE?
MSW,Plastic Surgery,1000 10TH  SURG PLASTIC CLINIC,28,,,
MSW,Cardiology,1000 10TH AVE CARDIOLOGY CLINIC,147,,,
MSW,Cardiology,1000 10TH AVE CVI CARDIO VEIN,1,,,DEACTIVATE?
MSW,Cardiology,1000 10TH AVE CVI CARDIOLOGY,6772,,,
MSW,Cardiology,1000 10TH AVE CVI CARDIOLOGY ECHO,2036,,,
MSW,Cardiology,1000 10TH AVE CVI CARDIOLOGY HOLTER,1,,,DEACTIVATE?
MSW,Cardiology,1000 10TH AVE CVI CARDIOLOGY NUCLEAR,347,,,
MSW,Cardiology,1000 10TH AVE CVI CARDIOLOGY VASCULAR,566,,,
MSW,Peds Child Development,1000 10TH AVE DDC CLINIC,0,,,DEACTIVATE?
MSW,Dermatology,1000 10TH AVE DERMATOLOGY CLINIC,0,,,DEACTIVATE?
MSW,Cardiology-Electrophysiology,1000 10TH AVE EP,43,,,
MSW,OB/Gyn,1000 10TH AVE FAMILY PLANNING CLINIC,4,,,
MSW,OB/Gyn,1000 10TH AVE FETAL EVAL CLINIC,0,,,DEACTIVATE?
MSW,Gastroenterology,1000 10TH AVE GASTROENTEROLOGY CLINIC,157,,,
MSW,OB/Gyn,1000 10TH AVE GYN ONC,0,,,DEACTIVATE?
MSW,OB/Gyn,1000 10TH AVE GYN UROLOGY CLINC,174,,,
MSW,OB/Gyn,1000 10TH AVE GYN UROLOGY CLINIC,0,,,DEACTIVATE?
MSW,Orthopedics,1000 10TH AVE HAND CLINIC,136,,,
MSW,Neurology,1000 10TH AVE HEADACHE CLINIC,0,,,DEACTIVATE?
MSW,Infectious Diseases/HIV,1000 10TH AVE IAM,4099,,,
MSW,Dentistry,1000 10TH AVE IAM DENTAL,329,,,
MSW,Vascular and Interventional Radiology,1000 10TH AVE INTERVENTIONAL RADIOLOGY,67,INPATIENT,,
MSW,Liver,1000 10TH AVE LIVER CLINIC,194,,,
MSW,Neurology,1000 10TH AVE NEURODIAGNOSTICS,214,,,
MSW,Neurology,1000 10TH AVE NEUROLOGY,2730,,,
MSW,Neurology,1000 10TH AVE NEUROLOGY CLINIC,238,,,
MSW,Neurosurgery,1000 10TH AVE NEUROSURGERY,1257,,,
MSW,OB/Gyn,1000 10TH AVE OBGYN CLINIC,1390,,,
MSW,OB/Gyn,1000 10TH AVE OBGYN HIGH RISK CLINIC,0,,,DEACTIVATE?
MSW,Orthopedics,1000 10TH AVE ORTHOPEDIC CLINIC,0,,,DEACTIVATE?
MSW,Anesthesiology-Pain Mgmt,1000 10TH AVE PAIN MGMNT CLINIC,0,,,DEACTIVATE?
MSW,Pediatrics,1000 10TH AVE PEDIATRICS,2,INPATIENT,,DEACTIVATE?
MSW,Podiatry,1000 10TH AVE PODIATRY CLINIC,149,,,
MSW,Psychiatry,1000 10TH AVE PSYCHIATRY,1072,,,
MSW,Pulmonary Disease and Critical Care,1000 10TH AVE PULMONARY CLINIC,0,,,DEACTIVATE?
MSW,OB/Gyn,1000 10TH AVE REPRODUCTIVE ENDOCRINOLOGY AND INFERTILITY CLINIC,17,,,
MSW,Rheumatology,1000 10TH AVE RHEUMATOLOGY CLINIC,75,,,
MSW,Sleep Medicine,1000 10TH AVE SLEEP DISORDER CLINIC,0,,,DEACTIVATE?
MSW,Pulmonary Disease and Critical Care,1000 10TH AVE SMOKING CESSATION CLINIC,1,,,DEACTIVATE?
MSW,Orthopedics,1000 10TH AVE SPINE CLINIC,50,,,
MSW,Plastic Surgery,1000 10TH AVE SURG PLASTIC CLINIC,0,,,DEACTIVATE?
MSW,Vascular Surgery,1000 10TH AVE SURG VASCULAR CLINIC,0,,,DEACTIVATE?
MSW,General Surgery,1000 10TH AVE SURGERY CLINIC,0,,,DEACTIVATE?
MSW,Urology,1000 10TH AVE UROLOGY CLINIC,0,,,DEACTIVATE?
MSW,Behavioral Health,1000 10TH CITPD,6268,,,
MSW,Cardiology,1000 10TH ECHO,1192,,,
MSW,OB/Gyn,1000 10TH FETAL EVAL CLINIC,1181,,,
MSW,Neurology,1000 10TH HEADACHE CLINIC,37,,,
MSW,OB/Gyn,1000 10TH OBGYN HIGH RISK CLINIC,366,,,
MSW,Orthopedics,1000 10TH ORTHOPEDIC CLINIC,346,,,
MSW,Anesthesiology-Pain Mgmt,1000 10TH PAIN MGMNT,71,,,
MSW,Pulmonary Disease and Critical Care,1000 10TH PFT LAB,342,,,
MSW,Pulmonary Disease and Critical Care,1000 10TH PULMONARY CLINIC,88,,,
MSW,Sleep Medicine,1000 10TH SLEEP DISORDER CLINIC,35,,,
MSW,Vascular Surgery,1000 10TH SURG VASCULAR,0,,,DEACTIVATE?
MSW,Vascular Surgery,1000 10TH SURG VASCULAR CLINIC,0,,,DEACTIVATE?
MSW,Urology,1000 10TH UROLOGY CLINIC,171,,,
MSW,Maternal Fetal Medicine,124 W 60TH ST MFM,819,,,F/U NOT IN AMB LIST
MSW,OB/Gyn,2 W 86TH ST OBGYN,0,INPATIENT,,DEACTIVATE?
MSW,OB/Gyn,200 W 57TH ST OBGYN 10TH FL,2146,,,
MSW,OB/Gyn,200 W 57TH ST OBGYN 13TH FL,3005,,,
MSW,Dermatology,2109 BROADWAY DERM,0,,,DEACTIVATE?
MSW,Endocrinology,2109 BROADWAY ENDOCRINOLOGY,0,,,DEACTIVATE?
MSW,Internal Medicine,2109 BROADWAY IM,7061,,,
MSW,Infectious Diseases/HIV,2109 BROADWAY INFECTIOUS DISEASE,50,,,
MSW,Internal Medicine,2109 BROADWAY POST COVID,122,,,
MSW,Gastroenterology,230 W 74TH ST ENDOSCOPY,0,OTHER,,DEACTIVATE?
MSW,Endocrinology,36 W 60 ST ENDOCRINOLOGY,968,,,
MSW,Infectious Diseases/HIV,36 W 60 ST INFECTIOUS DISEASE,199,,,
MSW,Nephrology,36 W 60 ST NEPHROLOGY,347,,,
MSW,Pulmonary Disease and Critical Care,36 W 60 ST PULMONOLOGY,1507,,,
MSW,Gastroenterology,425 W 59 GASTROENTEROLOGY,1444,,,
MSW,Plastic Surgery,425 W 59 SLW SURG PLASTIC,514,,,
MSW,Surgery,425 W 59 SURG COLORECTAL,1256,,,
MSW,General Surgery,425 W 59 SURG GENERAL,336,,,
MSW,Surgical Oncology,425 W 59 SURG ONCOLOGY,319,,,
MSW,Vascular Surgery,425 W 59 SURG VASCULAR,1182,,,
MSW,Orthopedics,425 W 59TH ORTHO UPPER EXT CV STARR,2607,,,
MSW,CARDIAC SURGERY,425 W 59TH ST CARDIAC SURGERY,0,,,DEACTIVATE?
MSW,Cardiology,425 W 59TH ST CARDIOLOGY,0,,,DEACTIVATE?
MSW,Cardiology,425 W 59TH ST CARDIOLOGY INT,0,,,DEACTIVATE?
MSW,Maternal Fetal Medicine,425 W 59TH ST MFEU,4292,,,
MSW,Neurosurgery,425 W 59TH ST NEUROSURGERY,0,,,DEACTIVATE?
MSW,Orthopedics,425 W 59TH ST ORTHOPEDICS,3735,,,
MSW,ENT-Otolaryngology,425 W 59TH ST OTOLARYNGOLOGY,5435,,,
MSW,Rheumatology,425 W 59TH ST RHEUMATOLOGY,970,,,
MSW,Urology,425 W 59TH ST UROLOGY,3427,,,
MSW,Cardiology,425 W59 ST CARD 9C,0,,,DEACTIVATE?
MSW,Plastic Surgery,425 WEST 59 ST SLW SURG PLASTIC,0,,,DEACTIVATE?
MSW,OB/Gyn,50 W 77TH ST OBGYN,6330,,,
MSW,Orthopedics,910 PARK AVE ORTHOPEDICS,289,,,
MSW,Obstetrics,MAIN 12A (L&D),0,INPATIENT,,DEACTIVATE?
MSW,Orthopedics,MS SLR ORTHO MULTISPEC,0,OTHER,,DEACTIVATE?
NETWORK,Internal Medicine,1010 N BROADWAY INTERNAL MEDICINE,0,,,DEACTIVATE?
NETWORK,Cardiology,1086 N BROADWAY CARDIOLOGY,2078,,,
NETWORK,Gastroenterology,1086 N BROADWAY GASTROENTEROLOGY,87,,,
NETWORK,Internal Medicine,1086 N BROADWAY INTERNAL MEDICINE,3461,,,
NETWORK,Neurology,1086 N BROADWAY NEUROLOGY,1041,,,
NETWORK,Anesthesiology-Pain Mgmt,1086 N BROADWAY PAIN MANAGEMENT,94,,,
NETWORK,Surgery,1086 N BROADWAY THORACIC SURGERY,26,,,
NETWORK,Cardiology,11 RALPH PL. CARD,1177,,,
NETWORK,Cardiology,11 RALPH PLACE CARDIOLOGY SUITE 109 & 201,4016,,,
NETWORK,Surgery,1100 FRANKLIN AVE SURG COLORECTAL,3601,,,
NETWORK,ENT-Otolaryngology,1155 N BLVD ENT OTOLARYNGOLOGY,134,,,
NETWORK,Surgery,1155 NORTHERN BLVD BARIATRIC SURGERY,31,,,
NETWORK,Cardiology,1155 NORTHERN BLVD CARDIOLOGY,3856,,,
NETWORK,Endocrinology,1155 NORTHERN BLVD ENDOCRINE,538,,,
NETWORK,Gastroenterology,1155 NORTHERN BLVD GASTROENTEROLOGY,2868,,,
NETWORK,Gynecology,1155 NORTHERN BLVD GYNECOLOGY,105,,,
NETWORK,Internal Medicine,1155 NORTHERN BLVD INTERNAL MEDICINE,3556,,,
NETWORK,Orthopedics,1155 NORTHERN BLVD ORTHO,853,,,
NETWORK,Vascular Surgery,1155 NORTHERN BLVD SURG VASCULAR,20,,,
NETWORK,Cardiology,116 5TH AVE CARDIOLOGY,85,,,
NETWORK,Endocrinology,116 5TH AVE ENDOCRINOLOGY,85,,,
NETWORK,OB/Gyn,116 5TH AVE GYN,95,,,
NETWORK,Internal Medicine,116 5TH AVE INTERNAL MEDICINE,626,,,
NETWORK,Liver,116 5TH AVE LIVER DISEASE,5,,,
NETWORK,Podiatry,116 5TH AVE PODIATRY,92,,,
NETWORK,Urology,116 5TH AVE UROLOGY,132,,,
NETWORK,Cardiology,1203 AVENUE J CARD,0,,,DEACTIVATE?
NETWORK,Gastroenterology,129 SLOSSON AVE GASTROENTEROLOGY,2006,,,
NETWORK,Cardiology,1436 BROADWAY CARDIOLOGY,56,,,
NETWORK,Endocrinology,1436 BROADWAY ENDOCRINOLOGY,0,,,DEACTIVATE?
NETWORK,Gastroenterology,1436 BROADWAY GASTROENTEROLOGY,32,,,
NETWORK,Internal Medicine,1436 BROADWAY INTERNAL MEDICINE,7114,,,
NETWORK,Liver,1436 BROADWAY LIVER MEDICINE,123,,,
NETWORK,Neurosurgery,1436 BROADWAY NEUROLOGY,573,,,
NETWORK,Neurosurgery,1436 BROADWAY NEUROSURGERY,0,,,DEACTIVATE?
NETWORK,OB/Gyn,1436 BROADWAY OBGYN,242,,,
NETWORK,Pediatrics,1436 BROADWAY PEDIATRICS,948,,,
NETWORK,Peds Gastroenterology,1436 BROADWAY PEDS GASTRO,44,,,
NETWORK,Liver,1436 BROADWAY RMTI LIVER DISEASE,32,,,
NETWORK,Transplant Institute,1436 BROADWAY RMTI LIVER SURGERY,3,,,
NETWORK,Transplant Institute,1436 BROADWAY RMTI TRANSPLANT KIDNEY,122,,,
NETWORK,Transplant Institute,1436 BROADWAY RMTI TRANSPLANT LIVER,68,,,
NETWORK,Surgical Oncology,1436 BROADWAY SURG ONCOLOGY,151,,,
NETWORK,Cardiology,1523 VOORHIES AVE CARDIOLOGY,297,,,
NETWORK,Cardiology,1977 FLATBUSH AVE CARDIOLOGY,2398,,,
NETWORK,Internal Medicine,200 OLD CNTRY RD INTERNAL MEDICINE,344,,,
NETWORK,Cardiology,200 OLD COUNTRY RD CARDIOLOGY,4099,,,
NETWORK,Endocrinology,200 OLD COUNTRY RD ENDOCRINOLOGY,308,,,
NETWORK,Internal Medicine,200 OLD COUNTRY RD INTERNAL MED,0,,,DEACTIVATE?
NETWORK,Urology,200 OLD COUNTRY RD UROLOGY,316,,,
NETWORK,Gastroenterology,207 GLEN COVE AVE GASTROENTEROLOGY,17,,,F/U NOT IN AMB LIST
NETWORK,Internal Medicine,2099 FOREST AVE INTERNAL MEDICINE,322,,,F/U NOT IN AMB LIST
NETWORK,Internal Medicine,2315 VICTORY BLVD INTERNAL MEDICINE LOWER LEVEL,1390,,,
NETWORK,Internal Medicine,2315 VICTORY BLVD INTERNAL MEDICINE MAIN FL,4298,,,
NETWORK,Internal Medicine,25-10 30TH AVE COVID TEST,3891,MSQ,,Corrected by Deirdre Rosado
NETWORK,Neurology,25-10 30TH AVE EEG,12,MSQ,,Corrected by Deirdre Rosado
NETWORK,Cardiology,25-20 30 AVE CARD,0,,,
NETWORK,Endocrinology,25-20 30 AVE ENDO,0,,,
NETWORK,Gastroenterology,25-20 30 AVE GASTRO,0,,,
NETWORK,Internal Medicine,25-20 30 AVE INT MED,0,,,
NETWORK,Nephrology,25-20 30 AVE NEPHROLGY,0,,,
NETWORK,Neurology,25-20 30 AVE NEUROLOGY,0,,,
NETWORK,Neurosurgery,25-20 30 AVE NEUROSURG,0,,,
NETWORK,OB/Gyn,25-20 30 AVE OBGYN,0,,,
NETWORK,Ophthalmology,25-20 30 AVE OPHTH,0,,,
NETWORK,Orthopedics,25-20 30 AVE ORTHO,0,,,
NETWORK,Pediatrics,25-20 30 AVE PEDS,0,,,
NETWORK,Rheumatology,25-20 30 AVE RHEUM,0,,,
NETWORK,General Surgery,25-20 30 AVE SURGERY,0,,,
NETWORK,Urology,25-20 30 AVE URO,0,,,
NETWORK,Cardiology,25-20 30TH AVE CARDIOLOGY,3209,,,
NETWORK,Vascular Surgery,25-20 30TH AVE CARDIOVASCULAR SURGERY,15,,,
NETWORK,Dermatology,25-20 30TH AVE DERMATOLOGY,0,,,
MSH-MSDFP,Multiple Specialty,168 CENTRE ST ONCOLOGY,10,,Oncology,
NETWORK,Endocrinology,25-20 30TH AVE ENDOCRINOLOGY,871,,,
NETWORK,Gastroenterology,25-20 30TH AVE GASTROENTEROLOGY,0,,,
NETWORK,Internal Medicine,25-20 30TH AVE INTERNAL MEDICINE,3746,,,
NETWORK,Vascular and Interventional Radiology,25-20 30TH AVE INTERVENTIONAL RADIOLOGY,52,,,
NETWORK,Liver,25-20 30TH AVE LIVER MEDICINE,5,,,
NETWORK,Nephrology,25-20 30TH AVE NEPHROLOGY,159,,,
NETWORK,Neurology,25-20 30TH AVE NEUROLOGY,252,,,
NETWORK,Neurosurgery,25-20 30TH AVE NEUROSURGERY,195,,,
NETWORK,OB/Gyn,25-20 30TH AVE OB/GYN,980,,,
NETWORK,Ophthalmology,25-20 30TH AVE OPHTHALMOLOGY,1150,,,
NETWORK,Orthopedics,25-20 30TH AVE ORTHOPEDICS,770,,,
NETWORK,Pediatrics,25-20 30TH AVE PEDIATRICS,2062,,,
NETWORK,Pulmonary Disease and Critical Care,25-20 30TH AVE PULMONARY,405,,,
NETWORK,Physical Medicine and Rehab,25-20 30TH AVE REHAB,152,,,
NETWORK,Rheumatology,25-20 30TH AVE RHEUMATOLOGY,244,,,
NETWORK,Transplant Institute,25-20 30TH AVE RMTI  LIVER DISEASE,50,,,
NETWORK,General Surgery,25-20 30TH AVE SURGERY,486,,,
NETWORK,Transplant Institute,25-20 30TH AVE TRANSPLANT INSTITUTE KIDNEY,209,,,
NETWORK,Transplant Institute,25-20 30TH AVE TRANSPLANT INSTITUTE LIVER,72,,,
NETWORK,Urology,25-20 30TH AVE UROLOGY,1056,,,
NETWORK,General Surgery,25-20 30TH AVE VASCULAR SURGERY,661,,,
NETWORK,Internal Medicine,283 BARD AVE INTERNAL MEDICINE,1985,,,
NETWORK,Cardiology,3131 KINGS CARDIOLOGY,0,MSB,,
NETWORK,Cardiology,3131 KINGS HIGHWAY CARDIOLOGY,0,MSB,,
NETWORK,ENT-Otolaryngology,3131 KINGS HIGHWAY ENT,15,MSB,,
NETWORK,Internal Medicine,3131 KINGS HIGHWAY INTERNAL MEDICINE,713,MSB,,
NETWORK,Neurosurgery,3131 KINGS HIGHWAY NEURO ENDOVASC,8,MSB,,
NETWORK,Neurology,3131 KINGS HIGHWAY NEUROLOGY,124,MSB,,
NETWORK,Orthopedics,3131 KINGS HIGHWAY ORTHOPEDICS,81,,,
NETWORK,Surgery,3131 KINGS HIGHWAY SURGERY,28,MSB,,
NETWORK,Urology,3131 KINGS HIGHWAY UROLOGY,3,MSB,,
NETWORK,Thoracic Surgery,3131 KINGS THOR SURG,31,MSB,,
NETWORK,Vascular Surgery,3131 KINGS VASC SURG,0,MSB,,DEACTIVATE?
NETWORK,Cardiology,31-60 21 ST CARDIOLOGY,251,,,
NETWORK,Endocrinology,31-60 21 ST ENDOCRINOLOGY,271,,,
NETWORK,Family Medicine,31-60 21 ST FAMILY MEDICINE,2684,,,
NETWORK,Gastroenterology,31-60 21 ST GASTROENTEROLOGY,0,,,
NETWORK,General Surgery,31-60 21 ST GENERAL SURGERY,286,,,
NETWORK,OB/Gyn,31-60 21 ST GYNECOLOGY,164,,,
NETWORK,Internal Medicine,31-60 21 ST INTERNAL MEDICINE,0,,,
NETWORK,Nephrology,31-60 21 ST NEPHROLOGY,103,,,
NETWORK,Neurology,31-60 21 ST NEUROLOGY,70,,,
NETWORK,OB/Gyn,31-60 21 ST OBSTETRICS,0,,,
NETWORK,Podiatry,31-60 21 ST PODIATRY,186,,,
NETWORK,Rheumatology,31-60 21 ST RHEUMATOLOGY,35,,,
NETWORK,Cardiology,3201 KINGS HWY CARDIOLOGY,974,MSB,,
NETWORK,Vascular and Interventional Radiology,3201 KINGS HWY INTERVENTIONAL RADIOLOGY,190,MSB,,
NETWORK,POMA,3201 KINGS HWY PST,0,,,DEACTIVATE?
NETWORK,Vascular Surgery,3201 KINGS HWY VASCULAR LAB,691,MSB,,
NETWORK,Internal Medicine,341 CENTRAL AVE INTERNAL MEDICINE,0,,,
NETWORK,Allergy,341 CENTRAL PARK AVE ALLERGY,143,,,
NETWORK,Cardiology,341 CENTRAL PARK AVE CARDIOLOGY,1756,,,
NETWORK,Endocrinology,341 CENTRAL PARK AVE ENDOCRINOLOGY,307,,,
NETWORK,Gastroenterology,341 CENTRAL PARK AVE GASTROENTEROLOGY,383,,,
NETWORK,Surgery,341 CENTRAL PARK AVE GEN SURG,133,,,
NETWORK,Internal Medicine,341 CENTRAL PARK AVE INTERNAL MEDICINE,4732,,,
NETWORK,Transplant Nephrology,341 CENTRAL PARK AVE KIDNEY TRANSPLANT,34,,,
NETWORK,Liver,341 CENTRAL PARK AVE LIVER,166,,,
NETWORK,Hepatology,341 CENTRAL PARK AVE LIVER TRANSPLANT,3,,,
NETWORK,Neurosurgery,341 CENTRAL PARK AVE NEUROSUR,77,,,
NETWORK,OB/Gyn,341 CENTRAL PARK AVE OBGYN,510,,,
NETWORK,Orthopedics,341 CENTRAL PARK AVE ORTHOPEDICS,515,,,
NETWORK,Anesthesiology-Pain Mgmt,341 CENTRAL PARK AVE PAIN MANAGEMENT,378,,,
NETWORK,Orthopedics,341 CENTRAL PARK AVE PEDIATRICS SPORTS MEDICINE,1261,,,
NETWORK,Peds Neurology,341 CENTRAL PARK AVE PEDS NEUROLOGY,82,,,
NETWORK,Podiatry,341 CENTRAL PARK AVE PODIATRY,156,,,
NETWORK,Pulmonary Disease and Critical Care,341 CENTRAL PARK AVE PULMONARY,67,,,
NETWORK,Hepatology,341 CENTRAL PARK AVE RMTI LIVER DISEASE,7,,,
NETWORK,Surgery,341 CENTRAL PARK AVE SURG HEPATO,104,,,
NETWORK,Urology,341 CENTRAL PARK AVE UROLOGY,44,,,
NETWORK,Cardiology,37-12 82ND ST CARDIOLOGY,3905,,,
MSH-MSDFP,Multiple Specialty,168 CENTRE ST TRANS SURG,137,,,
NETWORK,Endocrinology,37-12 82ND ST ENDOCRINOLOGY,0,,,
NETWORK,Gastroenterology,37-12 82ND ST GASTROENTEROLOGY,0,,,
NETWORK,Gynecology,37-12 82ND ST GYN,102,,,
NETWORK,Internal Medicine,37-12 82ND ST INTERNAL MEDICINE,6147,,,
NETWORK,Liver,37-12 82ND ST LIVER,202,,,
NETWORK,Neurology,37-12 82ND ST NEUROLOGY,191,,,
NETWORK,Orthopedics,37-12 82ND ST ORTHOPEDICS,164,,,
NETWORK,Podiatry,37-12 82ND ST PODIATRY,337,,,
NETWORK,Surgery,37-12 82ND ST SURG GENERAL,370,,,
NETWORK,Cardiology,385 SENECA AVE CARDIOLOGY,212,,,
NETWORK,Cardiology,46-04 31ST AVE CARDIOLOGY,860,,,
NETWORK,Endocrinology,46-04 31ST AVE ENDOCRINOLOGY,65,,,
NETWORK,Internal Medicine,46-04 31ST AVE INTERNAL MEDICINE,1484,,,
NETWORK,Vascular Surgery,46-04 31ST AVE VASCULAR SURGERY,47,,,
NETWORK,Internal Medicine,476 KLONDIKE AVE INTERNAL MEDICINE,2014,,,
NETWORK,Internal Medicine,4982 HYLAN BLVD INTERNAL MEDICINE,2835,,,
NETWORK,Allergy,5 CUBA HILL ALLERGY,1149,,,
NETWORK,Cardiology,5 CUBA HILL CARDIOLOGY,2529,,,
NETWORK,Dermatology,5 CUBA HILL DERMATOLOGY,4371,,,
NETWORK,Endocrinology,5 CUBA HILL ENDOCRINOLOGY,2495,,,
NETWORK,Gastroenterology,5 CUBA HILL GASTROENETEROLOGY,484,,,
NETWORK,Internal Medicine,5 CUBA HILL INTERNAL MEDICINE,7021,,,
ONCOLOGY,Hematology/Oncology,5 CUBA HILL HEM ONC,2823,,Oncology,
NETWORK,Internal Medicine,5 CUBA HILL MDVIP INTERNAL MEDICINE,277,,,
NETWORK,Nephrology,5 CUBA HILL NEPHROLOGY,572,,,
NETWORK,Neurology,5 CUBA HILL NEUROLOGY,1586,,,
NETWORK,OB/Gyn,5 CUBA HILL OB/GYN,2958,,,
NETWORK,Ophthalmology,5 CUBA HILL OPHTHALMOLOGY,2265,,,
NETWORK,Orthopedics,5 CUBA HILL ORTHOPAEDICS,1633,,,
NETWORK,Orthopedics,5 CUBA HILL ORTHOPAEDICS SESSIONAL,322,,,
NETWORK,Anesthesiology-Pain Mgmt,5 CUBA HILL PAIN MANAGEMENT,1122,,,
NETWORK,Pediatrics,5 CUBA HILL PEDIATRICS,4376,,,
NETWORK,Gastroenterology,5 CUBA HILL PEDS GASTROENTEROLOGY,62,,,
NETWORK,Podiatry,5 CUBA HILL PODIATRY,677,,,
NETWORK,Pulmonary Disease and Critical Care,5 CUBA HILL PULMONARY,1387,,,
NETWORK,Radiology,5 CUBA HILL RADIOLOGY,0,,,
NETWORK,Urology,5 CUBA HILL RD UROLOGY,777,,,
NETWORK,Rheumatology,5 CUBA HILL RHEUMATOLOGY,852,,,
NETWORK,Transplant Institute,5 CUBA HILL RMTI LIVER DISEASE,68,,,
NETWORK,Surgery,5 CUBA HILL SURGERY,16,,,
NETWORK,Transplant Institute,5 CUBA HILL TRANSPLANT KIDNEY,66,,,
NETWORK,Transplant Institute,5 CUBA HILL TRANSPLANT LIVER,118,,,
NETWORK,Urology,5 CUBA HILL UROLOGY,0,,,
NETWORK,Cardiology,500 MONTAUK HWY CARDIOLOGY,310,,,
NETWORK,Surgery,5030 BRDWY SURG VASC,337,,,
NETWORK,Cardiology,5030 BROADWAY CARD,10,,,
NETWORK,Internal Medicine,5030 BROADWAY IM,792,,,
NETWORK,Internal Medicine,5030 BROADWAY NETWORK IM,0,,,
NETWORK,Urgent Care,5030 BROADWAY URGENT CARE,23,,,
NETWORK,Cardiology,521 W 181ST ST CARDIOLOGY,0,,,
NETWORK,Internal Medicine,59 SOUTHERN BLVD INTERNAL MED,7687,,,
NETWORK,Nephrology,59 SOUTHERN BLVD NEPHROLOGY,98,,,
NETWORK,OB/Gyn,59 SOUTHERN BLVD OBGYN,21,,,
NETWORK,Orthopedics,59 SOUTHERN BLVD ORTHOPAEDICS,259,,,
NETWORK,Podiatry,59 SOUTHERN BLVD PODIATRY,343,,,
NETWORK,Rheumatology,59 SOUTHERN BLVD RHEUMATOLOGY,243,,,
NETWORK,Urology,59 SOUTHERN BLVD UROLOGY,0,,,
NETWORK,Pulmonary Disease and Critical Care,59 SOUTHERN BOULEVARD PULMONARY,0,,,
NETWORK,Cardiology,600 UNIVERSITY BLVD CARDIOLOGY,3974,,,
NETWORK,Pulmonary Disease and Critical Care,600 UNIVERSITY BLVD PULMONARY,744,,,
NETWORK,Cardiology,61 SOUTHERN BLVD CARDIOLOGY,2148,,,
NETWORK,Gastroenterology,61 SOUTHERN BLVD GASTROENTEROLOGY,1406,,,
NETWORK,Internal Medicine,61-42 MASPETH INTERNAL MEDICINE,0,,,
NETWORK,Cardiology,625 N FLAGLER DRIVE CARDIOLOGY,1160,,,
NETWORK,Dermatology,625 N FLAGLER DRIVE DERMATOLOGY,648,,,
NETWORK,Endocrinology,625 N FLAGLER DRIVE ENDOCRINOLOGY,449,,,
NETWORK,Internal Medicine,625 N FLAGLER DRIVE INTERNAL MEDICINE,692,,,
NETWORK,Pulmonary Disease and Critical Care,625 N FLAGLER DRIVE PULMONARY,119,,,
NETWORK,Allergy,66 COMMACK RD ALLERGY,0,,,
NETWORK,Endocrinology,66 COMMACK RD ENDOCRINOLOGY,0,,,
NETWORK,Internal Medicine,66 COMMACK RD INTERNAL MEDICINE,0,,,
NETWORK,Nephrology,66 COMMACK RD NEPHROLOGY,0,,,
NETWORK,OB/Gyn,66 COMMACK RD OBGYN,0,,,
NETWORK,Podiatry,66 COMMACK RD PODIATRY,0,,,
NETWORK,Endocrinology,774 MANOR RD ENDOCRINOLOGY,1673,,,
NETWORK,Podiatry,774 MANOR RD PODIATRY,212,,,
NETWORK,Internal Medicine,797 BRIGHTON AVE INTERNAL MEDICINE,309,,,
NETWORK,Internal Medicine,84-52 63 AVE INTERNAL MEDICINE,0,,,
NETWORK,Urology,944 PARK AVE. UROLOGY,298,,,
NETWORK,Cardiology-Electrophysiology,99-01 QNS BLVD CARD EP,70,,,
NETWORK,Cardiology,99-01 QNS BLVD CARDIOLOGY,3195,,,
NETWORK,Endocrinology,99-01 QNS BLVD ENDOCRINOLOGY,852,,,
NETWORK,Neurology,99-01 QNS BLVD NEUROLOGY,161,,,
NETWORK,OB/Gyn,99-01 QNS BLVD OBGYN,778,,,
NETWORK,Orthopedics,99-01 QNS BLVD ORTHOPEDICS,356,,,
NETWORK,Physical Medicine and Rehab,99-01 QNS BLVD PHYSICAL MEDICINE AND REHAB,159,,,
NETWORK,Internal Medicine,99-01 QNS BLVD PRIMARY CARE,6839,,,
NETWORK,Rheumatology,99-01 QNS BLVD RHEUMATOLOGY,99,,,
NETWORK,Surgery,99-01 QNS BLVD SURG BARI,38,,,
NETWORK,Surgery,99-01 QNS BLVD SURG GENERAL,48,,,
NETWORK,Surgery,99-01 QNS BLVD SURG VASCULAR,60,,,
NETWORK,Urology,99-01 QNS BLVD UROLOGY,0,,,
NETWORK,Urology,99-01 QNS BLVD UROLOGY-SA 8,362,,,
NETWORK,Internal Medicine,99-01 QUEENS BLVD IM,0,,,
NETWORK,Transplant Institute,FPA RMTI LIVER DISEASE,0,,,
NETWORK,Transplant Institute,FPA RMTI LIVER SURGERY,0,,,
NETWORK,Transplant Institute,FPA TRANSPLANT INSTITUTE- KIDNEY,0,,,
NETWORK,Transplant Institute,FPA TRANSPLANT INSTITUTE- LIVER,0,,,
NETWORK,*No specialty,MSQ ENDOSCOPY,0,,,
MSH- AMBULATORY CARE,Multiple Specialty,17 E 102ND MEDICATION ACCESS PROGRAM (MAP),646,,,Ask Nandini?
NETWORK,Multiple Specialty,25-20 30TH AVE DIABETES ALLIANCE,206,,Endocrinology,
NETWORK,POMA,NEW 3201 KINGS HWY PST,888,MSB,,
NETWORK,Cardiology,NEW 37-12 82ND ST CARDIOLOGY,0,,,
NETWORK,Cardiology,NS CARD 61 BAY SHORE,0,,,
NETWORK,Cardiology,NS CARD 61 NESCONSET,0,,,
NETWORK,Dermatology,NS DERMATOLOGY-775,0,,,
NETWORK,Endocrinology,NS ENDOCRINOLOGY-66,0,,,
NETWORK,Gastroenterology,NS GASTROENTEROLOGY-61,0,,,
NETWORK,Gastroenterology,NS GI IDX ATTENDING,0,,,
NETWORK,Internal Medicine,NS HW MEDICINE,0,,,
NETWORK,OB/Gyn,NS HW OB/GYN,0,,,
NETWORK,Internal Medicine,NS INTERNAL MEDICINE59,0,,,
NETWORK,Ophthalmology,NS OPHTHALMOLOGY 775,0,,,
NETWORK,Pediatrics,NS PEDIATRICS-775,0,,,
NETWORK,Rheumatology,NS RHEUMATOLOGY-59,0,,,
NETWORK,Urology,NS UROLOGY-59,0,,,
OTHER,Multiple Specialty,281 1ST AVE DIABETES,0,MSBI,,
NYEE,Ophthalmology,1630 E 15TH ST OPHTHALMOLOGY,0,,,
NYEE,Ophthalmology,200 OLD COUNTRY RD OPHTHALMOLOGY,0,,,
NYEE,Ophthalmology,200 W 57TH ST NYEE OPHTHALMOLOGY,0,,,
NYEE,ENT-Otolaryngology,200 W 57TH ST OTOLARYNGOLOGY,0,,,
NYEE,ENT-Otolaryngology,310 E 14TH ENT,0,,,
NYEE,Pulmonary Disease and Critical Care,310 E 14TH SLEEP CENTER,0,,,
NYEE,Multiple Specialty,310 E 14TH ST DIABETES,0,,Endocrinology,
NYEE,Ophthalmology,310 E 14TH ST OPHTHALMOLOGY,0,,,
NYEE,ENT-Otolaryngology,380 2ND AVE ENT OTOLARYNGOLOGY,0,,,
NYEE,Ophthalmology,77 WORTH ST OPHTHALMOLOGY ,0,,,
NYEE,ENT-Otolaryngology,9735 WILSHIRE BLVD OTOLARYNGOLOGY,0,,,
NETWORK,Multiple Specialty,37-12 82ND ST DIABETES ALLIANCE,153,,Endocrinology,
ONCOLOGY,Oncology,10 UNION SQ E CANCER,0,,,DEACTIVATE?
ONCOLOGY,Oncology,10 UNION SQ E HEM ONC,713,,,
ONCOLOGY,Oncology,10 UNION SQ E HEM ONC INFUSION,107,,,
ONCOLOGY,Surgery,10 UNION SQ E SURG BREAST,962,,,
ONCOLOGY,Oncology,10 UNION SQ E THERAPEUTIC INFUSION,702,,,
ONCOLOGY,Oncology,1000 10TH AVE HEM ONC,1161,,,
ONCOLOGY,Surgery,1090 AMST SURG BREAST,578,,,
ONCOLOGY,Breast Health Med Onc,1176 5TH DUBIN MED ONC,7446,,,
ONCOLOGY,Breast Health Surg Onc,1176 5TH DUBIN SURG ONC,1952,,,
ONCOLOGY,Oncology,1468 MADISON CANCER,422,,,
ONCOLOGY,Oncology,1470 MADISON CANCER CENTER,48951,,,
OTHER,Multiple Specialty,HOME VISITS,0,,,
ONCOLOGY,General Surgery,25-20 30TH AVE BREAST SURGERY,0,,,
ONCOLOGY,Oncology,25-20 30TH AVE HEM ONC,2219,,,
ONCOLOGY,Oncology,25-20 30TH AVE HEM ONC INFUSION,585,,,
ONCOLOGY,Oncology,25-20 30TH AVE THERAPEUTIC INFUSION,989,,,
ONCOLOGY,Oncology,27-15 30TH AVE HEM ONC,0,,,DEACTIVATE?
ONCOLOGY,Oncology,27-15 30TH AVE HEM ONC INFUSION,0,,,DEACTIVATE?
ONCOLOGY,Oncology,27-15 30TH AVE THERAPEUTIC INFUSION,0,,,DEACTIVATE?
ONCOLOGY,Oncology,3131 KINGS CHEMO INFUSION,481,,,
ONCOLOGY,Oncology,3131 KINGS HIGHWAY GYN ONC,49,,,
ONCOLOGY,Surgery,3131 KINGS HWY BREAST SURGERY,56,,,
ONCOLOGY,Oncology,3131 KINGS MED ONC CLINIC,716,,,
ONCOLOGY,Oncology,3131 KINGS THERAPY INFUSION,135,,,
ONCOLOGY,Breast Health Med Onc,325 W 15TH ST BREAST SURG,792,,,
ONCOLOGY,Oncology,325 W 15TH ST CANCER,0,,,DEACTIVATE?
ONCOLOGY,Surgery,325 W 15TH ST DERMATOLOGY,1265,,,
ONCOLOGY,Dermatology,325 W 15TH ST DERMATOLOGY CLINIC,127,,,
ONCOLOGY,Gynecology,325 W 15TH ST GYN ONC,0,,,DEACTIVATE?
ONCOLOGY,Gynecology,325 W 15TH ST GYN ONCOLOGY,1524,,,
ONCOLOGY,Oncology,325 W 15TH ST HEM ONC,5756,,,
ONCOLOGY,Oncology,325 W 15TH ST HEM ONC INFUSION,3682,,,
ONCOLOGY,OB/Gyn,325 W 15TH ST OBGYN,617,,,
ONCOLOGY,Oncology,325 W 15TH ST ONCOLOGY LAB,5896,,,
ONCOLOGY,Palliative Care,325 W 15TH ST PALLIATIVE CARE,153,,,
ONCOLOGY,Psych Shared,325 W 15TH ST PSYCH ONC,47,,,
ONCOLOGY,Surgery,325 W 15TH ST SURG PLASTIC,67,,,
ONCOLOGY,Thoracic Surgery,325 W 15TH ST SURG THORACIC,204,,,
ONCOLOGY,Oncology,325 W 15TH ST THERAPEUTIC INFUSION,25,,,
ONCOLOGY,Oncology,325 W 15TH ST THERAPEUTIC LAB,9,,,
ONCOLOGY,Thoracic Surgery,325 W 15TH ST THOR,0,,,DEACTIVATE?
ONCOLOGY,Surgery,341 CENTRAL PARK AVE SURG BREAST,45,,,
ONCOLOGY,Oncology,37-12 82ND ST HEM ONC,62,,,
ONCOLOGY,Surgery,425 W 59 6FL SURG BREAST,0,,,DEACTIVATE?
ONCOLOGY,Surgery,425 W 59 SURG BREAST,615,MSW,,
ONCOLOGY,Oncology,425 W 59TH ST HEM ONC,2751,,,
ONCOLOGY,Oncology,425 WEST 59TH ST HEM ONC INFUSION,1749,,,
ONCOLOGY,Oncology,425 WEST 59TH ST HEM/ONC,0,,,DEACTIVATE?
ONCOLOGY,Oncology,425 WEST 59TH ST THERAPEUTIC INFUSION,77,,,
ONCOLOGY,Oncology,440 W 114 HEM ONC,1097,,,
ONCOLOGY,Oncology,440 W 114 INFUSION CENTER,614,,,
ONCOLOGY,Oncology,440 W 114 THERAPEUTIC INFUSION,154,,,
ONCOLOGY,Thoracic Surgery,440 W 114 THORACIC SURG,32,MSM,,Corrected by Marcy
MSH-MSDFP,Pediatric Hematology/Oncology,1468 MADISON HEME/ONC PEDS,1673,,Pediatric Hematology/Oncology,
ONCOLOGY,Internal Medicine,5 CUBA HILL HEM-ONC,0,,,DEACTIVATE?
ONCOLOGY,Oncology,MSQ INFUSION CENTER,0,,,DEACTIVATE?
ONCOLOGY,*No specialty,MSQ INFUSION THERAPY,0,,,DEACTIVATE?
ONCOLOGY,Oncology,NEW 37-12 82ND ST HEM ONC,0,,,DEACTIVATE?
NETWORK,Multiple Specialty,MSQ FAMILY HEALTH ASSO,1,,Family Medicine,
OTHER,Cardiology,1 HEALTHY WAY CARDIOLOGY,0,,,
OTHER,ENT-Otolaryngology,1 VALLEY HEALTH PLAZA OTOLARYNGOLOGY,0,MSH-MSDFP,,Corrected by Amy Nelson
OTHER,Oncology,1 VALLEY HLTH PLZ ONCOLOGY,0,,,
OTHER,Internal Medicine,10 UNION SQ E VACCINE POD,0,,,
OTHER,Internal Medicine,10 UNION SQ VACCINE POD,0,,,
OTHER,Internal Medicine,1000 10TH AVE VACCINE POD,0,,,
OTHER,Surgery,102 PARK SURG BARI,0,,,
OTHER,Liver,1086 N BROADWAY LIVER INSTITUTE,0,,,
OTHER,Cardiology,1090 AMST CARDIOLOGY,0,,,
OTHER,Internal Medicine,1155 NORTHERN BLVD VACCINE POD,0,,,
OTHER,Urgent Care,1190 5TH AVE MSH SALIVA COVID TESTING,0,,,
OTHER,Internal Medicine,1190 5TH POMA GP2,0,,,
OTHER,Cardiology,119-12 94TH AVE CARD,0,,,
OTHER,Adolescent Medicine,122 AMSTERDAM SCH,0,,,
OTHER,Psych Shared,1249 5TH AVE IOP HOSP CLINIC,0,,,
OTHER,ENT-Otolaryngology,125 ST NICHOLAS AVE ENT,0,,,
OTHER,Vascular Surgery,125 ST NICHOLAS AVE VASCULAR SURGERY,0,,,
OTHER,Colorectal Surgery,128 MOTT COLORECTAL SURGERY,0,,,
OTHER,Cardiology,1414 NEWKIRK AVE CARDIOLOGY,0,,,
OTHER,Cardiology,1421 3RD AVE CARDIOLOGY,0,,,
OTHER,Internal Medicine,1436 BROADWAY VACCINE POD,0,,,
OTHER,Internal Medicine-CPR,1440 MADISON AVE COVID TESTING,0,,,
OTHER,Internal Medicine,1440 MADISON AVE VACCINE POD,0,,,
OTHER,Adolescent Medicine,145 W 84 SCH,0,,,
OTHER,Nephrology,1450 MADISON AVE HOME HEMO DIALYSIS,0,,,
OTHER,Nephrology,1450 MADISON AVE PERITONEAL DIALYSIS,0,,,
OTHER,Nephrology,1450 MADISON AVE PERITONEAL DIALYSIS APPTS,0,,,
OTHER,Internal Medicine,1468 MADISON AVE VACCINE POD,0,,,
OTHER,Internal Medicine,1470 MADISON VACCINE CANCER CENTER,0,,,
NETWORK,Multiple Specialty,MSQ PHYSICIAN ASSOC,0,,Primary Care,
OTHER,Surgery,155 WHITE PL SURG PLAS,0,,,
OTHER,Gastroenterology,156 WILLIAM ST ENDOSCOPY,0,,,
OTHER,Physical Medicine and Rehab,17 E 102 MSH REHAB NEUROPSYCHOLOGY,0,,,
OTHER,Internal Medicine,17 E 102ND ST COVID SERUM TESTING,0,,,
OTHER,General Surgery,1819 13ST SURGERY,0,,,
OTHER,Internal Medicine,2 W 86TH  ST TESTING CENTER EMP,0,,,
OTHER,Internal Medicine,2 W 86TH ST TESTING CENTER NON EMP,0,,,
OTHER,Gastroenterology,201 E 93RD ST ENDOSCOPY,0,,,
OTHER,Occupational Health,226 W 14TH ST BHS DEPARTMENT OF CORRECTION,0,,,
OTHER,Occupational Therapy,25-10 30TH AVE MSQ OT,0,,,
OTHER,Physical Therapy,25-10 30TH AVE MSQ PT,0,,,
OTHER,Speech Therapy,25-10 30TH AVE MSQ SLP,0,,,
OTHER,Internal Medicine,25-13 30TH RD VACCINE POD TENT B,0,,,
OTHER,Internal Medicine,25-20 30TH AVE VACCINE POD,0,,,
NETWORK,Multiple Specialty,RS MS MULTI SPEC LIC,0,,,
OTHER,Occupational Health,281 1ST AVE EHS,0,,,
OTHER,Internal Medicine,281 1ST AVE VACCINE POD,0,,,
OTHER,Occupational Health,309 W 23RD ST BHS DEPARTMENT OF CORRECTION,0,,,
OTHER,Internal Medicine,3131 KINGS HWY VACCINE POD,0,,,
OTHER,Internal Medicine,3201 KINGS HWY VACCINE POD,0,,,
OTHER,Occupational Health,340 E 17TH ST EHS,0,,,
OTHER,Cardiology,343 WEST 145TH STREET CARDIOLOGY,0,,,
OTHER,Internal Medicine,37-12 82ND ST VACCINE POD,0,,,
OTHER,Cardiology,432 BEDFORD CARDIOLOGY,0,,,
OTHER,Internal Medicine,440 W 114 VACCINE POD,0,,,
OTHER,Cardiology,443 LINDEN CARD,0,,,
OTHER,Adolescent Medicine,443 W 135 SCH,0,,,
OTHER,Peds Gastroenterology,495 CNTRL PARK PEDSGAS,0,MSH-MSDFP,,Corrected by Amy Nelson
OTHER,Orthopedics,4982 HYLAN BLVD ORTHOPEDICS,0,MSH-MSDFP,,Corrected by Amy Nelson
OTHER,Internal Medicine,5 CUBA HILL VACCINE POD,0,,,
OTHER,Surgery,510 BROADHOLLOW SURG COLORECTAL,0,,,
OTHER,Nephrology,520 E 117TH DIALYSIS,0,,,
OTHER,Gastroenterology,535 5TH AVE ENDOSCOPY,0,,,
OTHER,Occupational Health,55 E 34TH ST BHS DEPARTMENT OF CORRECTION,0,,,
OTHER,Cardiology,573 W 161 ST CARDIOLOGY,0,,,
OTHER,Cardiology,585 BUSHWICK AVE CARDIOLOGY,0,,,
OTHER,Surgery,591 OCN PRKWY SURG GEN,0,MSH-MSDFP,,Corrected by Amy Nelson
OTHER,Dermatology,620 COLUMBUS AVE DERM,0,MSH-MSDFP,,Corrected by Amy Nelson
OTHER,Cardiology,718 TEANECK ROAD  CARDIAC SURGERY,0,,,
OTHER,Neurology,741 NORTHFIELD AVENUE NEUROLOGY,0,,,
OTHER,Surgery,86-11 LEFF SURG VASCULAR,0,,,
OTHER,Cardiology,888 ROUTE 6 CARDIOLOGY,0,,,
OTHER,Cardiology,9413 FLATLANDS AVE. 2ND FLOOR (CARDIOLOGY),0,,,
OTHER,Thoracic Surgery,970 N BROADWAY THORACIC SURG,0,,,
OTHER,*No specialty,AMB SURG INTERV RAD,0,,,
OTHER,Cardiology,CARDIOLOGY OFFSITE,0,,,
OTHER,Research,CRU,0,,,
OTHER,*No specialty,DENTAL DTC GEN,0,,,
OTHER,Internal Medicine,EHHOP,0,,,
OTHER,*No specialty,EMPLOYEE HEALTH,0,,,
OTHER,*No specialty,ENT OTOLOGY,0,,,
OTHER,*No specialty,ENT RHINO,0,,,
OTHER,Gerontology,GERIATRICS-PALLIATIVE HOUSE CALLS,0,,,
OTHER,Geriatrics,HAH PLUS,0,,,
ONCOLOGY,Multiple Specialty,THERAPEUTIC INF,4789,,Oncology,
OTHER,Obstetrics,HOSP OB COVID,391,,,
OTHER,*No specialty,INACTIVE DEPARTMENT,0,,,
OTHER,Obstetrics,KP2 L&D,0,,,
OTHER,Radiology,MOUNT SINAI HOSPITAL RADIOLOGY,0,,,
OTHER,Internal Medicine,MS SLR BH PRIMARY CARE,0,,,
OTHER,*No specialty,MSH GP3 PACU,0,,,
OTHER,Oncology,MSH PLASMA CENTER,0,,,
OTHER,Anesthesiology,MSM ANESTHESIA DEPT,0,,,
OTHER,Anesthesiology,MSM ANESTHESIOLOGY,0,,,
OTHER,*No specialty,MSQ AMB SURG INTERV RAD,0,,,
OTHER,Occupational Therapy,MSQ PA OT,0,,,
OTHER,Physical Therapy,MSQ PA PHYSICAL THPY,0,,,
OTHER,Speech Therapy,MSQ PA SPEECH THERAPY,0,,,
OTHER,*No specialty,MSQ PACU,0,,,
OTHER,Anesthesiology,MSW ANESTHESIA DEPT,0,,,
OTHER,Anesthesiology,MSW ANESTHESIOLOGY,0,,,
OTHER,*No specialty,PACU MSM,0,,,
OTHER,*No specialty,PACU MSW,0,,,
OTHER,Vascular Surgery,PB 125 ST NICHOLAS AVE VASCULAR SURGERY,0,,,
OTHER,Physical Medicine and Rehab,REHAB MEDICINE,0,,,
OTHER,Physical Medicine and Rehab,REHAB NEUROPSYCHOLOGY,0,,,
OTHER,Occupational Therapy,REHAB OCCUPATIONAL THE,2337,,,
OTHER,Physical Therapy,REHAB PHYSICAL THERAPY,4871,,,
OTHER,Physical Medicine and Rehab,REHAB PROSTHETICS,0,,,
OTHER,Speech Therapy,REHAB SPEECH THERAPY,384,,,
OTHER,OB/Gyn,VEMR BBA OBGYN,0,,,
OTHER,OB/Gyn,VEMR CHEN MORGAN OBGYN,0,,,
OTHER,Gynecology,VEMR GRIGORYAN GYN,0,,,
OTHER,General Surgery,VEMR LAPAROSCOPIC SC,0,,,
OTHER,Anesthesiology-Pain Mgmt,VEMR MHTN UES PAIN,0,,,
OTHER,Plastic Surgery,VEMR MICHELLE COPELAND,0,,,
OTHER,OB/Gyn,VEMR PARK AVE WOMENS,0,,,
OTHER,OB/Gyn,VEMR PARK AVENUE OBGYN,0,,,
OTHER,Anesthesiology-Pain Mgmt,VEMR QUEENS UES PAIN,0,,,
OTHER,Psychiatry,VEMR SHARI LUSSKIN,0,,,
OTHER,Oncology,VEMR YASHAR HIRSHAUT,0,,,
OTHER,Endocrinology,VEMR Z T BLOOMGARDEN,0,,,
OTHER,Vascular and Interventional Radiology,WINSTON INTERVENTIONAL RADIOLOGY,0,,,
,Pulmonary Disease and Critical Care,1000 10TH AVE SLEEP CENTER,0,,,
,Peds Neurology,116 5TH AVE NEUROLOGY PEDS,0,,,
,Oncology,116 5TH AVE SURG ONCOLOGY,0,,,
,Gastroenterology,207 GLEN COVE AVE GASTROENTEROLOGY,17,,,
,*No specialty,25-20 30TH AVE PST COVID TEST,0,,,
,Psychiatry,281 1ST AVE PSYCH MCT,0,,,
,Psychiatry,411 WEST 114TH ST CARES UPRISE,0,,,
,Hepatology,425 W 59TH ST RMTI LIVER DISEASE,0,,,
,Gastroenterology,619 W 54TH ST ENDOSCOPY,0,,,
,Urology,625 MADISON AVE UROLOGY MOBILE UNIT,0,,,
,Cardiology,77 PONDFIELD RD CARDIOLOGY,0,,,
