unit_site,Location,unit
msd_unit,14th St,MSDMG
msw_unit,20 E46 Street OBGYN,MSW
msd_unit,23rd St,MSDMG
msd_unit,34th Int Medicine,MSDMG
msd_unit,34th St 2nd Fl Cardio/GI,MSDMG
msd_unit,34th St 3rd Fl Ortho,MSDMG
msd_unit,34th St 5th/6th Fl,MSDMG
msw_unit,425 5th & 6th FL Orthopaedic Surgery and Rheumatology,MSW
msw_unit,425 Infusion & HemOnc,MSW
msw_unit,425 Urology,MSW
msm_unit,440 W 114th Cardiovascular Institute (CVI),MSM
msw_unit,50 W 77th St OBGYN,MSW
msw_unit,60th St Specialty Practice,MSW
msd_unit,780 8th Ave,MSDMG
msw_unit,787 Breast Center,MSW
msw_unit,787 Imaging,MSW
msw_unit,787 Spine,MSW
msh_unit,Adolescent Health Center,MSH- AMBULATORY CARE
msw_unit,Ansonia Internal Medicine,MSW
msq_unit,Astoria,MSQ
msd_unit,Breast Imaging,MSUS
net_unit,Brooklyn-Midwood,NETWORK
msd_unit,Cardio,MSUS
msw_unit,Cardiovascular Institute,MSW
msd_unit,Chelsea Dermatology,MSBI
msd_unit,Chelsea Infusion,MSBI
msd_unit,Chelsea Med-Onc,MSBI
msd_unit,Chelsea Radiation Oncology,MSBI
msd_unit,Chelsea Radiology,MSBI
msd_unit,Chelsea Womens Center,MSBI
msh_unit,Comprehensive Health Clinic,MSH- AMBULATORY CARE
msd_unit,Delancey St.,MSDMG
msd_unit,Derm,MSUS
nyee_unit,ENT,NYEE
msd_unit,ENT/Head & Neck,MSUS
msh_unit,ENT/OMS - Ann 2,MSH- AMBULATORY CARE
nyee_unit,Eye,NYEE
msq_unit,Family Health,MSQ
net_unit,Five Towns,NETWORK
net_unit,Flatbush Cardiology,NETWORK
net_unit,Forest Hills,NETWORK
msd_unit,Friedman,MSDMG
msd_unit,GMA,MSBI
msd_unit,GMA Linsky,MSBI
msh_unit,GP1C Clinic,MSH- AMBULATORY CARE
msh_unit,GP1C Testing,MSH- AMBULATORY CARE
msd_unit,Greenwich,MSDMG
msd_unit,Health Quarters,MSDMG
msh_unit,IBD Clinic,MSH- AMBULATORY CARE
msh_unit,IMA A,MSH- AMBULATORY CARE
msh_unit,IMA B,MSH- AMBULATORY CARE
msh_unit,IMA C,MSH- AMBULATORY CARE
msh_unit,IMA D,MSH- AMBULATORY CARE
msq_unit,Infusion Center,MSQ
msh_unit,Jack Martin Clinic,MSH- AMBULATORY CARE
msq_unit,Jackson Heights,MSQ
msd_unit,Japanese 3rd floor,MSDMG
msd_unit,Japanese Hartsdale,MSDMG
net_unit,Jupiter Florida,NETWORK
msh_unit,Liver Institute,MSH- AMBULATORY CARE
msh_unit,Martha Stewart Geriatrics,MSH- AMBULATORY CARE
msd_unit,Max Meltzer,MSDMG
msh_unit,Med/Surg Specialties - 2D,MSH- AMBULATORY CARE
msh_unit,Med/Surg Specialties - 4C,MSH- AMBULATORY CARE
msh_unit,Med/Surg Specialties - 4D,MSH- AMBULATORY CARE
msh_unit,Med/Surg Specialties - 6C,MSH- AMBULATORY CARE
msm_unit,Morningside Clinic - Institute for Advanced Medicine,MSM
msm_unit,Mount Sinai Doctors Columbus Ave Primary Care,MSM
msh_unit,MSDFP 1190 Fifth Ave Cardiology GP1W,MSDFP
#N/A,MSDFP 5 E 98th St ENT,MSDFP
#N/A,MSDFP Medicine 10th Flr,MSDFP
msh_unit,MSDFP Medicine 3rd Flr,MSDFP
msh_unit,MSDFP Medicine FPA 11th Flr,MSDFP
msd_unit,Neuro,MSUS
msh_unit,Neurology - Ann 2,MSH- AMBULATORY CARE
msw_unit,Neurosciences,MSW
msd_unit,OBGYN-Clinic,MSUS
msd_unit,OBGYN-FPA,MSUS
msw_unit,OPD Hospital Outpatient Practices,MSW
msm_unit,OPD Suite 230 Medicine Subspecialty Clinic,MSM
msm_unit,OPD Suite 240 Ophthalmology Clinic,MSM
msm_unit,OPD Surgical Subspecialties,MSM
msh_unit,Ophthalmology - CAM 8,MSH- AMBULATORY CARE
msd_unit,Ortho,MSUS
nyee_unit,Orthoptics,NYEE
msq_unit,Outpatient Imaging/Radiology,MSQ
msd_unit,Pathology,MSUS
msh_unit,Pediatric Endocrine - Ann 4,MSH- AMBULATORY CARE
msd_unit,Peds,MSUS
msh_unit,Peds Associates,MSH- AMBULATORY CARE
net_unit,Pelham,NETWORK
msd_unit,Peri-Op (Chelsea),MSBI
msd_unit,Peri-Op (Union Sq),MSUS
msd_unit,Proc Suite (2r),MSUS
msd_unit,PST,MSUS
msd_unit,Rad Onc,MSUS
msw_unit,Radiation Oncology,MSW
msd_unit,Radiology,MSUS
msd_unit,Rehab,MSUS
msd_unit,Rehab Physiatry,MSUS
msd_unit,Rehab PT/OT,MSUS
msd_unit,Resp,MSUS
msh_unit,Resp Institute,MSH- AMBULATORY CARE
nyee_unit,Retina,NYEE
msh_unit,Rheumatology - CAM 2,MSH- AMBULATORY CARE
msh_unit,RMTI,MSH- AMBULATORY CARE
msw_unit,Samuels Clinic/IAM,MSW
net_unit,Scarsdale-Westchester,NETWORK
msd_unit,Senior Health,MSUS
net_unit,Staten Island Bard Ave,NETWORK
net_unit,Staten Island GI,NETWORK
msd_unit,Sty Town,MSDMG
msd_unit,Surgery,MSUS
msd_unit,UCC,MSUS
msd_unit,Union Square Infusion,MSUS
msd_unit,Union Square Ophthalmology,MSUS
msd_unit,Urology,MSUS
msd_unit,West 8th,MSDMG
net_unit,West Palm Beach-FL,NETWORK
msd_unit,West Park,MSDMG
msd_unit,Williamsburg,MSDMG
#N/A,Women's Health Clinic,MSH- AMBULATORY CARE
msh_unit,Women's Health Clinic - E Level,MSH- AMBULATORY CARE
net_unit,Yonkers,NETWORK
net_unit,Yonkers - Ortho,NETWORK
msh_unit,MSDFP 1468 Madison Ave Environmental Medicine and Public Health 3rd Flr,MSDFP
msh_unit,MSDFP 2052 Richmond Rd ENT,MSDFP
msh_unit,"MSDFP 5 E 98th St General, Endocrine & Metabolic Surgery 3rd Flr",MSDFP
msh_unit,MSDFP 5 E 98th St Medicine 11th Flr,MSDFP
msh_unit,MSDFP 5 E 98th St Medicine 3rd Flr,MSDFP
msh_unit,"MSDFP 5 E 98th St Obstetrics, Gynecology and Reproductive Science 2nd Flr",MSDFP
msh_unit,MSDFP 5 E 98th St Pain Management,MSDFP
msd_unit,34th St 5th Fl,MSDMG
msd_unit,34th St 6th Fl,MSDMG
msh_unit,MSDFP 1468 Madison Ave Pediatric Cardiology 3rd Flr,MSDFP
msh_unit,MSDFP 157 E 72nd St OB/GYN,MSDFP
msh_unit,MSDFP 5 E 98th St Orthopedics 9th Flr,MSDFP
msh_unit,MSDFP 5 E 98th St Spine Center 4th Flr,MSDFP
msh_unit,MSDFP 5 E 98th St Transplantation Institute 12th Flr,MSDFP
msh_unit,Womens Health Clinic - E Level,MSH- AMBULATORY CARE
